time_s,angle_raw_deg,angle_zeroed_deg,angle_smooth_deg
0.0,3.3438254468079474,0.0,0.11663621059224354
0.03999918499994239,3.5187797626963127,0.1749543158883653,0.1662339741459442
0.079998096000054,3.5187797626963127,0.1749543158883653,0.1735774333397891
0.1199995990000389,3.6588527116149936,0.31502726480704624,0.19738889208931773
0.1599999910004045,3.546776716923116,0.20295127011516856,0.17079674162438446
0.1999998650007911,3.4628827405555906,0.11905729374764329,0.14420459115945122
0.2399983680006699,3.3858190103716463,0.04199356356369899,0.09099608681408515
0.2799983150007393,3.3858190103716463,0.04199356356369899,0.04342361999574225
0.319999189000555,3.3928101898881633,0.04898474308021594,-0.009744035441675524
0.36000017300011683,3.3089143828314014,-0.034911063976545975,-0.03910813841613621
0.39999912100029184,3.197044463368502,-0.14678098343944557,-0.06847224139059689
0.4399983280000016,3.238998495499343,-0.10482695130860442,-0.10622635059534584
0.4799975900004939,3.238998495499343,-0.10482695130860442,-0.14121753685299582
0.5199985740000558,3.2040396438644185,-0.13978580294352883,-0.17479659335884695
0.5600000780004849,3.1339584515431516,-0.2098669952647958,-0.22796088889487995
0.5999985440003003,3.029149180839246,-0.31467626596870124,-0.28112518443091294
0.6399980840005811,2.973177017819178,-0.3706484289887695,-0.3259071364660812
0.6799989940000161,2.973177017819178,-0.3706484289887695,-0.3538767188204238
0.7200062190004247,2.9801298836885772,-0.3636955631193701,-0.7470790667253995
0.759999760000028,2.9941105397714387,-0.34971490703650865,-1.138879802581592
0.7999985780006683,1.0631374413143677,-2.2806880054935794,-1.5306805384377846
0.8399984510006108,1.014173338538215,-2.329652108269732,-1.9350636425101027
0.8799988250002572,1.014173338538215,-2.329652108269732,-2.359041763382546
0.9199988460004535,0.9582143633269864,-2.3856110834809607,-2.402422447701627
0.9599990900005652,0.8742199354092212,-2.469605511398726,-2.4360101167820667
0.9999993520004865,0.8462340197189634,-2.497591427088984,-2.469597785862505
1.0399995590005346,0.8462349931360194,-2.4975904536719282,-2.491994995454614
1.0800002140003928,0.8462349931360194,-2.4975904536719282,-2.496194308271177
1.1199989790002292,0.8462283153664446,-2.497597131441503,-2.4975916618496905
1.1599998930005313,0.8532233713264059,-2.4906020754815414,-2.503183852259764
1.1999989740006638,0.8392472518263961,-2.5045781949815513,-2.5087760426698376
1.2400004800001625,0.8182740410856514,-2.525551405722296,-2.5171660146223833
1.2799983009999778,0.8182740410856514,-2.525551405722296,-2.5353488350275226
1.3199985480005125,0.8042784556037161,-2.539546991204231,-2.556331019985245
1.359999166000307,0.7623092693007092,-2.581516177507238,-2.5731200200505375
1.3999999130001015,0.7343363270377824,-2.609489119770165,-2.58990902011583
1.4399987710003188,0.7343290407591898,-2.6094964060487573,-2.605298163498729
1.4799997410000287,0.7343290407591898,-2.6094964060487573,-2.6178885497936606
1.5199988770000346,0.727332738689219,-2.616492708118728,-2.6276818940155655
1.5599993650002943,0.6993573378260522,-2.6444681089818953,-2.6402718251506725
1.599998833999962,0.685369605928259,-2.6584558408796886,-2.6528617562857804
1.6399976000002425,0.6713793850836529,-2.6724460617242944,-2.6668499818595066
1.679997977000312,0.6713793850836529,-2.6724460617242944,-2.6738431294262037
1.7199998720006988,0.657391610820587,-2.6864338359873603,-2.679437508792533
1.7599982120000277,0.6643915999925658,-2.6794338468153818,-2.683632623148557
1.7999996260004987,0.6573977090966123,-2.686427737711335,-2.6878277375045805
1.8400134460007391,0.6504038133035347,-2.6934216335044128,-2.687826924614007
1.8799987310003419,0.6504038133035347,-2.6934216335044128,-2.6892283988502412
1.9199989970002207,0.6573956752734543,-2.686429771534493,-2.69062987445194
1.9599995030002897,0.6573842288113952,-2.6864412179965522,-2.692031351408624
2.0000003240002115,0.650390331088118,-2.6934351157198293,-2.6934328283653084
2.039999794000323,0.6433964285201144,-2.700429018287833,-2.696232186111218
2.0799993040000118,0.6433964285201144,-2.700429018287833,-2.696231694956651
2.1199988320004195,0.6433988865439066,-2.7004265602640407,-2.689237316877171
2.159999434000383,0.6573866845842288,-2.6864387622237187,-2.6752508668683666
2.199999592000495,0.6853622214855174,-2.65846322532243,-2.661264416859562
2.2399985460006064,0.7133286785641366,-2.6304967682438107,-2.6402846189586966
2.279998130000422,0.7133286785641366,-2.6304967682438107,-2.624899913193182
2.319998714000576,0.7482978760482341,-2.5955275707597134,-2.6179060520197646
2.359999613000582,0.7343102134118016,-2.609515233396146,-2.6165040874044885
2.399999345000651,0.7203315273526049,-2.6234939194553424,-2.615102122789212
2.439997632000086,0.7203385016405178,-2.6234869451674294,-2.624890312073398
2.47999688300024,0.7203385016405178,-2.6234869451674294,-2.6332797423955925
2.519997541000521,0.6993569296273054,-2.644468517180642,-2.638873839134912
2.559996847000548,0.6923630618008296,-2.6514623850071177,-2.651463618825757
2.599997541999983,0.6923610436560047,-2.6514644031519428,-2.6654521785957486
2.639996792000602,0.6573896031862954,-2.686435843621652,-2.6752444239630973
2.679997580000418,0.6503957027905605,-2.693429744017387,-2.6850366768132687
2.720005719000255,0.6503957027905605,-2.693429744017387,-2.7018224454449102
2.7599978770003872,0.6434017975499728,-2.7004236492579743,-2.7172090778895575
2.7999970350001604,0.6084322004977935,-2.735393246310154,-2.731196930255058
2.839997136999955,0.5804564409630597,-2.7633690058448876,-2.743788047034288
2.8799995540002783,0.5804564409630597,-2.7633690058448876,-2.7563796630477553
2.9199975830006224,0.587440118894411,-2.756385327913536,-2.759179781520505
2.9599972780006283,0.5804437174826368,-2.7633817293253107,-2.754986938190584
2.9999981020000632,0.5944316081340456,-2.749393838673902,-2.7507940948606633
3.039998908000598,0.6014206576126644,-2.742404789195283,-2.7479960793919993
3.079998255000646,0.6014206576126644,-2.742404789195283,-2.7451975722671076
3.1200003230005677,0.6014301962377282,-2.742395250570219,-2.7437982559585885
3.1599991880002563,0.5944362531070971,-2.7493891937008503,-2.7409999730790497
3.1999992380006006,0.6014281896766398,-2.7423972571313078,-2.738201690199511
3.2399984550002046,0.6154120720103583,-2.728413374797589,-2.7326085359872883
3.279999820000739,0.6154120720103583,-2.728413374797589,-2.7242174114827873
3.319998611000301,0.6293959672988402,-2.714429479509107,-2.718623062280055
3.3599999390007724,0.636391875629604,-2.7074335711783433,-2.7144271015562054
3.4000057670000388,0.6293999356903022,-2.7144255111176454,-2.7102311408323567
3.4399999650004247,0.636391875629604,-2.7074335711783433,-2.7102299489084456
3.4799969230007264,0.636391875629604,-2.7074335711783433,-2.7144247102329713
3.519998843000394,0.6294019269183957,-2.714423519889552,-2.7172210835696373
3.5600070039999987,0.6154180690069733,-2.7284073778009743,-2.721415844894164
3.599999425000533,0.6154180690069733,-2.7284073778009743,-2.72561060621869
3.639999048999926,0.6154180690069733,-2.7284073778009743,-2.7284073778009743
3.6800039320005453,0.6154180690069733,-2.7284073778009743,-2.7284069761675407
3.720003445000657,0.6154180690069733,-2.7284073778009743,-2.7298053610704307
3.760002625000198,0.6154200771741414,-2.7284053696338058,-2.7312037459733207
3.8000044160007747,0.6084261444925229,-2.7353993023154244,-2.7326021308762107
3.840001002999998,0.6084261444925229,-2.7353993023154244,-2.7340005157791007
3.87999940500049,0.6084261444925229,-2.7353993023154244,-2.7353993023154244
3.919999640000242,0.6084261444925229,-2.7353993023154244,-2.736798089758171
3.959999691000121,0.6084261444925229,-2.7353993023154244,-2.738196877200918
3.999999222000042,0.6014322072787882,-2.742393239529159,-2.739595664643665
4.040000476000387,0.6014322072787882,-2.742393239529159,-2.7409944520864125
4.079998992000583,0.6014322072787882,-2.742393239529159,-2.742393239529159
4.119998787000441,0.6014322072787882,-2.742393239529159,-2.742393239529159
4.159998783999981,0.6014322072787882,-2.742393239529159,-2.742393239529159
4.1999998560004315,0.6014322072787882,-2.742393239529159,-2.743792027867909
4.240005483999994,0.6014322072787882,-2.742393239529159,-2.745190816206658
4.279998760000126,0.59443826558504,-2.7493871812229074,-2.746589604545408
4.31999949800047,0.59443826558504,-2.7493871812229074,-2.7479883928841575
4.360001181000371,0.59443826558504,-2.7493871812229074,-2.7493871812229074
4.400001883000186,0.59443826558504,-2.7493871812229074,-2.7493871812229074
4.439999936000277,0.59443826558504,-2.7493871812229074,-2.7493871812229074
4.4799991010004305,0.59443826558504,-2.7493871812229074,-2.7493871812229074
4.519999450000796,0.59443826558504,-2.7493871812229074,-2.7493871812229074
4.560000948000379,0.59443826558504,-2.7493871812229074,-2.7493871812229074
4.600000817000364,0.59443826558504,-2.7493871812229074,-2.7493894911032246
4.640000295999926,0.59443826558504,-2.7493871812229074,-2.749391800983541
4.680000961000587,0.5944267161834548,-2.7493987306244927,-2.750790590207873
4.720003347000784,0.5944267161834548,-2.7493987306244927,-2.752189379432205
4.760000715999922,0.5874443194633806,-2.7563811273445666,-2.752189379432205
4.8000002500002665,0.5874443194633806,-2.7563811273445666,-2.752187069551888
4.840003619000527,0.59443826558504,-2.7493871812229074,-2.7521847596715707
4.880003598000258,0.59443826558504,-2.7493871812229074,-2.7507863729428275
4.920003077000729,0.59443826558504,-2.7493871812229074,-2.7507867757257847
4.960002538000481,0.5944362531070971,-2.7493891937008503,-2.7577830401098566
5.000001110000085,0.5874423055485977,-2.7563831412593496,-2.764779304493929
5.040004145000239,0.5594569436646778,-2.7843685031432694,-2.7717755688780015
5.080001832000562,0.5594569436646778,-2.7843685031432694,-2.778771920070786
5.120002981000653,0.5594569436646778,-2.7843685031432694,-2.7843694817518707
5.160002964000341,0.559454497143175,-2.7843709496647726,-2.782971178159395
5.200001465000241,0.559454497143175,-2.7843709496647726,-2.782972155934579
5.240003244000036,0.5664484616270563,-2.777376985180891,-2.7829731337097634
5.28000261500074,0.5594520547887569,-2.7843733920191904,-2.7829766763825545
5.320003153000471,0.5594520547887569,-2.7843733920191904,-2.777385050400036
5.360002525000709,0.5594367837792193,-2.784388663028728,-2.7717934273119686
5.400001711000186,0.5874126270557662,-2.756412819752181,-2.762005515461952
5.440002119999917,0.5944065770673927,-2.7494188697405546,-2.7522176036119346
5.480000973000642,0.6083916140388418,-2.7354338327691057,-2.7424266375600106
5.520001159000458,0.6083916140388418,-2.7354338327691057,-2.7396301980701323
5.560003327000231,0.6083916140388418,-2.7354338327691057,-2.738229326902349
5.600000791000639,0.6013948245051572,-2.7424306223027903,-2.7410269048781943
5.6399997000007716,0.601410932906308,-2.7424145139016396,-2.743824482854038
5.6800006270004815,0.5944037241596194,-2.7494217226483277,-2.746621490248328
5.720002128000488,0.5944037241596194,-2.7494217226483277,-2.748017058066621
5.760002629000155,0.5944065770673927,-2.7494188697405546,-2.752213429208239
5.800001390000034,0.5944169854136905,-2.749408461394257,-2.7578059437022056
5.84000107600059,0.5804290771982192,-2.763396369609728,-2.763398458196172
5.8800004290005745,0.5664411516897869,-2.7773842951181607,-2.768991056786362
5.9200008380003055,0.5664411516897869,-2.7773842951181607,-2.777383324885236
5.960001858000396,0.5664435841164412,-2.777381862691506,-2.7843768065004006
6.000002044000212,0.552455644919322,-2.7913698018886253,-2.7899714989858193
6.040003045000049,0.5454616691223946,-2.7983637776855526,-2.7955661914712384
6.080001346000245,0.538467689262694,-2.8053577575452535,-2.8011608818795852
6.120000999000695,0.538467689262694,-2.8053577575452535,-2.803957984448509
6.160002299000553,0.5384701320747048,-2.8053553147332426,-2.8053558024935006
6.200001526000051,0.5384701320747048,-2.8053553147332426,-2.805354334399851
6.240002679000099,0.5384725788974369,-2.8053528679105106,-2.805352866306201
6.280001109000295,0.5384750297309422,-2.805350417077005,-2.805351886774954
6.32000283600064,0.5384750297309422,-2.805350417077005,-2.805353217501064
6.360003488000075,0.5384750297309422,-2.805350417077005,-2.8053527273343635
6.400001900000461,0.5384634784441523,-2.805361968363795,-2.8081503198870545
6.440003923000404,0.5384750297309422,-2.805350417077005,-2.810947912439746
6.479998669000452,0.5244870669674846,-2.8193383798404628,-2.8137455049924376
6.520001544000479,0.5244870669674846,-2.8193383798404628,-2.8221364735768866
6.560001233000549,0.5244870669674846,-2.8193383798404628,-2.8347271402635066
6.60000231200047,0.4965086355219085,-2.847316811286039,-2.8515147311153686
6.64000390900037,0.4755216962978432,-2.8683037505101043,-2.868302321967231
6.68000224700063,0.44054911270817265,-2.9032763340997745,-2.8962773289803225
6.720004881000023,0.44054911270817265,-2.9032763340997745,-2.925650714418486
6.760004552000282,0.38461203190202703,-2.9592134149059204,-2.9564215604821396
6.800001668000732,0.3496417083310926,-2.994183738476855,-2.9829955227328746
6.8400028570004,0.32166746597957385,-3.0221579808283736,-3.0095694849836097
6.880001251000067,0.3076793014544975,-3.0361461453534497,-3.0319501211734328
6.92000279200056,0.3076793014544975,-3.0361461453534497,-3.0641255292821343
6.960003037000206,0.27270885095291264,-3.0711165958550346,-3.107494549949763
7.000001338000402,0.18876466778758352,-3.155060779020364,-3.1536638050734256
7.040004565000345,0.10482236264142879,-3.2390030841665185,-3.1998330601970872
7.0800031470007525,0.07683302583618773,-3.26699242097176,-3.2236244679076655
7.120001821000187,0.07683302583618773,-3.26699242097176,-3.2460121552404155
7.160002440000426,0.15375181240002167,-3.1900736344079257,-3.266999167479028
7.200001447999966,0.0768262311238343,-3.266999215684113,-3.294975547853882
7.2400021590001415,-0.00011269855163575667,-3.343938145359583,-3.3229519282287354
7.28000144500038,-0.06304887603808122,-3.4068743228460288,-3.3775026866864133
7.320001712000703,-0.06304887603808122,-3.4068743228460288,-3.423662461435794
7.3600026640006035,-0.11900197988836628,-3.4628274266963137,-3.4754226076410957
7.4000013390004815,-0.1539726426230667,-3.497798089431014,-3.5607650306533927
7.440003217000594,-0.2589134295781454,-3.6027388763860926,-3.6461074536656897
7.480003262000537,-0.48976099109956667,-3.833586437907514,-3.760818722888325
7.520001955000225,-0.48976099109956667,-3.833586437907514,-3.9049119024502965
7.560001425000337,-0.6925583260015423,-4.03638377280949,-4.0392048889698415
7.600000174000343,-0.8744385404329229,-4.218263987240871,-4.130128674016016
7.6400032740002635,-0.93037836217587,-4.274203808983818,-4.221052459062191
7.680001875000016,-0.9443799163304403,-4.288205363138387,-4.277008076441007
7.720004105000044,-0.9443799163304403,-4.288205363138387,-4.2839982618492165
7.760002648999944,-0.9723364128956237,-4.316161859703571,-4.260206223638439
7.800000619999992,-0.9093894674739726,-4.25321491428192,-4.226616911447538
7.8400016100003995,-0.8114181711219783,-4.1552436179299255,-4.193027599256639
7.880001321000236,-0.7764333553759406,-4.120258802183888,-4.158043278810526
7.920001995000348,-0.7764333553759406,-4.120258802183888,-4.138449019540127
7.960002262000671,-0.7974148106650629,-4.14124025747301,-4.135648347448744
8.000003232999916,-0.8114181711219783,-4.1552436179299255,-4.145439119487799
8.040006593000726,-0.7974148106650629,-4.14124025747301,-4.155229891526854
8.080001771000752,-0.8253872155712159,-4.169212662379163,-4.169228599573108
8.120002319000378,-0.8253872155712159,-4.169212662379163,-4.17482047722773
8.16000112600068,-0.8674083508963369,-4.211233797704284,-4.18602095222411
8.200000767000347,-0.8393775593950812,-4.183203006203028,-4.191617087537226
8.24000111100031,-0.8534171856469652,-4.197242632454913,-4.195815030484115
8.280001382000592,-0.8533678921367979,-4.1971933389447456,-4.191608746365981
8.320004245000746,-0.846376930305661,-4.190202377113608,-4.191609865785652
8.360002551999969,-0.846376930305661,-4.190202377113608,-4.188803621541272
8.400001545000123,-0.8393831564934349,-4.183208603301383,-4.187416887910813
8.44000120400051,-0.8393859644250677,-4.183211411233015,-4.187428346646582
8.480000752000706,-0.8464342239845065,-4.190259670792454,-4.188839210106672
8.520000874000289,-0.8464342239845065,-4.190259670792454,-4.1888373202021585
8.560000422000485,-0.853431247606107,-4.197256694414055,-4.188834868711319
8.600001211000745,-0.8393737069708687,-4.183199153778816,-4.179033781672842
8.640000185000645,-0.8393737069708687,-4.183199153778816,-4.169232694634365
8.680002381000122,-0.7974287887921221,-4.141254235600069,-4.14963903911711
8.720002910999938,-0.7974287887921221,-4.141254235600069,-4.128661132880863
8.760001532999922,-0.7554629700198355,-4.0992884168277826,-4.107686804961255
8.79999995200069,-0.7344841757896318,-4.078309622597579,-4.086712374073066
8.840000778000103,-0.7345020673728275,-4.078327514180775,-4.065737943184878
8.880000381000173,-0.6925566343511788,-4.036382081159126,-4.048956752062525
8.920001002999925,-0.6925566343511788,-4.036382081159126,-4.032171938719243
8.960000552000565,-0.6715570144080708,-4.015382461216018,-4.011187181522336
9.000003118000677,-0.6505601090732186,-3.994385555881166,-3.990198754798803
9.04000338900005,-0.6295782813883001,-3.9734037281962475,-3.969210328075269
9.08000073600033,-0.5876145007335094,-3.931439947541457,-3.9426302368240016
9.120002251000185,-0.5876145007335094,-3.931439947541457,-3.920248980294133
9.160001821000149,-0.5386565581517337,-3.882482004959681,-3.90206463564682
9.200002317000326,-0.538653826423874,-3.882479273231821,-3.8908742454756706
9.240002460000142,-0.5386565581517337,-3.882482004959681,-3.879683855304522
9.280002660000719,-0.5316625498777662,-3.8754879966857136,-3.8754837811885894
9.320002174000367,-0.5316625498777662,-3.8754879966857136,-3.8726830567111614
9.360001430000011,-0.5176561875720705,-3.861481634380018,-3.864287027187731
9.40000342500025,-0.5246502040367345,-3.868475650844682,-3.8586881458362243
9.440001977000065,-0.4966764105345811,-3.8405018573425282,-3.846096144498553
9.480002824000621,-0.50366814312023,-3.8474935899281775,-3.8363054156220207
9.520004302000416,-0.4687025431894105,-3.812527989997358,-3.822314052158414
9.56000196400055,-0.4687025431894105,-3.812527989997358,-3.8097210122673744
9.600000682000426,-0.45469338671870146,-3.7985188335266487,-3.791537392872148
9.640002474000537,-0.43371121107938204,-3.7775366578873295,-3.781749006486179
9.680001081000228,-0.41275004614409866,-3.756575492952046,-3.7719606201002103
9.720002337000551,-0.4197606112595653,-3.7635860580675127,-3.7621726829015145
9.760001221000493,-0.4197606112595653,-3.7635860580675127,-3.7551819126628865
9.800006624000162,-0.40575370072522704,-3.7495791475331743,-3.7537788898102624
9.84000073200059,-0.398757359886238,-3.7425828066941853,-3.752372568827758
9.880000838000342,-0.40573493188098164,-3.749560378688929,-3.750966247845253
9.92000148200077,-0.41272900634704046,-3.7565544531549877,-3.7523616778360798
9.960003682000206,-0.41272900634704046,-3.7565544531549877,-3.763549254848683
9.999998937000782,-0.4127308506793628,-3.75655629748731,-3.7747401282932116
10.040001026000025,-0.454695244949255,-3.7985206917572025,-3.787329433395422
10.080000247000498,-0.46168929910362405,-3.8055147459115712,-3.799918738497632
10.120001820000653,-0.4756755318580897,-3.819500978666037,-3.816704097379889
10.160000245000447,-0.4756755318580897,-3.819500978666037,-3.8250962037230396
10.200001836999945,-0.49665764509064997,-3.8404830918985975,-3.8446787219983265
10.240001225000015,-0.49665577666500543,-3.8404812234729526,-3.8712555651075355
10.280002909000357,-0.5596018904800597,-3.903427337288007,-3.8978324082167455
10.320002649000344,-0.6085597474041372,-3.9523851942120847,-3.932801542081301
10.360002981999969,-0.6085597474041372,-3.9523851942120847,-3.9831579973809483
10.400002518000292,-0.6715033144134289,-4.015328761221376,-4.034916563590658
10.44000149800013,-0.7484380531632422,-4.09226349997119,-4.071284839876836
10.480000905000452,-0.8183947215286068,-4.162220168336554,-4.107653116163014
10.520001052000225,-0.7904011288350281,-4.134226575642975,-4.125837997747718
10.560000236000635,-0.7904011288350281,-4.134226575642975,-4.14402273642076
10.600000087000808,-0.7624277223369483,-4.106253169144896,-4.16361399302634
10.640001994000158,-0.8393617465284495,-4.183187193336397,-4.204194928961475
10.680003197000588,-0.916351004556509,-4.260176451364456,-4.24477586489661
10.720004733000678,-0.9933058085107047,-4.337131255318652,-4.286755033908145
10.760002861999967,-0.9933058085107047,-4.337131255318652,-4.313351317132749
10.80000150900014,-0.9723235673946217,-4.316149014202569,-4.331539902687334
10.840002860000823,-0.9723431626514711,-4.316168609459418,-4.363712208964019
10.880000970000767,-1.007293932329432,-4.35111937913738,-4.395884515240704
10.920002284000473,-1.1541673398941275,-4.497992786702075,-4.46861781407579
10.960001246000502,-1.1541673398941275,-4.497992786702075,-4.558128435870126
11.000003393000043,-1.335990061570054,-4.6798155083780015,-4.661647868655504
11.04000378100045,-1.4198962716231496,-4.763721718431097,-4.760965932593835
11.080002117000731,-1.5248910962563254,-4.868716543064273,-4.860283996532165
11.120002749000378,-1.65075765958578,-4.994583106393727,-4.976383238305788
11.160003678000066,-1.65075765958578,-4.994583106393727,-5.127485100705316
11.200002939000115,-1.916486270438169,-5.2603117172461165,-5.314991331771042
11.240003590000013,-2.1754055836207877,-5.519231030428735,-5.541692269590441
11.280001480999998,-2.4624222515849548,-5.806247698392902,-5.768393207409842
11.32000165000045,-2.7842623486827787,-6.1280877954907265,-5.986714525030301
11.360002041000369,-2.7842623486827787,-6.1280877954907265,-6.178426926050141
11.400002710000082,-3.0080928585404685,-6.351918305348416,-6.322533812756009
11.440004028000658,-3.133967588719991,-6.477793035527938,-6.426081903517185
11.48000138200041,-3.182956685114291,-6.526782131922238,-6.529629994278359
11.520003180999993,-3.3020028024886554,-6.645828249296603,-6.623405579691571
11.560001589999956,-3.3020028024886554,-6.645828249296603,-6.704588133004182
11.599999000000025,-3.476970785606527,-6.820796232414475,-6.7759769346022125
11.640001521000158,-3.5398803552830445,-6.883705802090992,-6.829143160707896
11.68000069000027,-3.5399006931044465,-6.883726139912394,-6.882309386813579
11.72000598900013,-3.5678339330170683,-6.911659379825016,-6.922894922286479
11.760001565000493,-3.5678339330170683,-6.911659379825016,-6.997079729756601
11.800000216000626,-3.679898462971027,-7.023723909778974,-7.110449979925965
11.840003717999934,-3.910804392633659,-7.254629839441606,-7.236405967179411
11.88000109099994,-4.106751943951265,-7.4505773907592125,-7.362361954432858
11.920003871000517,-4.197613869284301,-7.541439316092248,-7.464512113173657
11.960002133000671,-4.197613869284301,-7.541439316092248,-7.509292632031249
12.000001432000317,-4.190649256675024,-7.534474703482971,-7.467286397231966
12.040004063000199,-4.134706986921615,-7.478532433729562,-7.352493645159152
12.080001495000033,-3.896720769954855,-7.2405462167628025,-7.237700893086336
12.120001316000526,-3.623650108920224,-6.967475555728171,-7.117334065735595
12.160000655000658,-3.623650108920224,-6.967475555728171,-7.009553839069071
12.200000216000262,-3.588815119921324,-6.932640566729271,-6.9605511109195275
12.240000814000268,-3.5958058535889896,-6.939631300396937,-6.980188677764325
12.280000635000762,-3.651707129207144,-6.9955325760150915,-6.99982624460912
12.320003566000196,-3.721837943144203,-7.06566338995215,-7.047403153043819
12.360004479000054,-3.721837943144203,-7.06566338995215,-7.1159990310830965
12.40000254000006,-3.826699662094812,-7.170525108902759,-7.192981751671981
12.440001583000594,-3.938785243785383,-7.28261069059333,-7.275555560427463
12.480003237000346,-4.036620732151569,-7.380446178959517,-7.3581293691829455
12.520003465000626,-4.134706986921615,-7.478532433729562,-7.426720549797099
12.560002174000147,-4.134706986921615,-7.478532433729562,-7.464511921324586
12.600001476000216,-4.169655565165579,-7.513481011973527,-7.481343206063427
12.640003371000603,-4.127742101422816,-7.471567548230764,-7.500926095063013
12.680003543000566,-4.120777155845777,-7.4646026026537236,-7.5205089840626
12.720006011000805,-4.232621431919548,-7.576446878727495,-7.568093228455529
12.760001462000218,-4.232621431919548,-7.576446878727495,-7.667440621264826
12.799999949000266,-4.407576787130226,-7.7514022339381725,-7.808813933900875
12.840001917000336,-4.6244790654692975,-7.9683045122772445,-7.9656094082846565
12.879999053000574,-4.827643719026021,-8.171469165833969,-8.12240488266844
12.919999503000327,-5.016598803838457,-8.360424250646405,-8.283414561575125
12.959999601000161,-5.016598803838457,-8.360424250646405,-8.45568599148486
12.999998810000761,-5.212625181663653,-8.5564506284716,-8.65453582789093
13.039999446000365,-5.48583621501797,-8.829661661825916,-8.896837099955189
13.079999714000222,-5.821892901056378,-9.165718347864326,-9.139138372019445
13.11999966700023,-6.228105164159745,-9.571930610967692,-9.431938151004122
13.159998750000343,-6.228105164159745,-9.571930610967692,-9.766814113243132
13.199999166999985,-6.676624076587031,-10.020449523394978,-10.126975202084438
13.240002083000036,-7.160216026213022,-10.504041473020969,-10.49292175971389
13.279998981000062,-7.62269834526291,-10.966523792070857,-10.858868317343344
13.31999973100028,-8.057837952307011,-11.401663399114959,-11.18275071021657
13.360002832000646,-8.057837952307011,-11.401663399114959,-11.407112546071803
13.400002489000144,-8.296036040953153,-11.6398614877611,-11.572675600499775
13.439999128000636,-8.282025205489187,-11.625850652297135,-11.697450624451658
13.479999451000365,-8.450513617402777,-11.794339064210725,-11.829306065945136
13.519999682000162,-8.681713072066422,-12.02553851887437,-11.913521889709386
13.559999654000421,-8.717115159774403,-12.060940606582351,-11.996247019657087
13.599998960000448,-8.717115159774403,-12.060940606582351,-12.049567328131413
13.63999878300001,-8.695650855227692,-12.03947630203564,-12.076282194899145
13.679999403000695,-8.717115159774403,-12.060940606582351,-12.09591664412528
13.720004800999957,-8.815287405905082,-12.15911285271303,-12.14494774984073
13.760002625000197,-8.815287405905082,-12.15911285271303,-12.243232933961899
13.800001874000372,-8.962270688351657,-12.306096135159605,-12.406009165153245
13.839999069000442,-9.187076775833532,-12.53090222264148,-12.638959577922137
13.88000237400047,-9.530996315731134,-12.874821762539082,-12.953540372997622
13.920001309000327,-9.980039469749537,-13.323864916557485,-13.238724511583797
13.960001780000312,-10.38819138128252,-13.732016828090467,-13.553302370479292
13.999999012000444,-10.38819138128252,-13.732016828090467,-13.866625787601174
14.040000983000025,-10.759966070311016,-14.103791517118964,-14.146351046448029
14.080008755000561,-11.09761340134054,-14.441438848148488,-14.344445922988289
14.120001008000147,-11.378665763983811,-14.722491210791759,-14.574816614735061
14.159999335000066,-11.378665763983811,-14.722491210791759,-14.747825205958057
14.200000329000432,-11.540044840016389,-14.883870286824337,-14.86583859796048
14.240000359000078,-11.625009026425994,-14.968834473233942,-14.951605808752182
14.280002334000528,-11.687680361352653,-15.0315058081606,-15.069845009236683
14.320003217000703,-11.807501817942333,-15.15132726475028,-15.15580839451467
14.360001729000032,-11.969861766406318,-15.313687213214266,-15.23886469433619
14.400003037000713,-11.969861766406318,-15.313687213214266,-15.323449793458494
14.440003994000108,-12.040290525533583,-15.384115972341531,-15.398143178760188
14.480003784000473,-12.110605856964174,-15.454431303772122,-15.440364574369084
14.519999722000648,-12.180968744450805,-15.524794191258753,-15.509330764402085
14.559999420000167,-12.180968744450805,-15.524794191258753,-15.579660547680211
14.599999691000448,-12.314692716571324,-15.658518163379272,-15.657109602669342
14.63999961100035,-12.391939441924205,-15.735764888732152,-15.762665795458048
14.67999966000025,-12.497851131909838,-15.841676578717786,-15.868221988246756
14.720001542000318,-12.708749708394336,-16.052575155202284,-15.965398108958691
14.760000388000662,-12.708749708394336,-16.052575155202284,-16.066728065916983
14.799999622000541,-12.800573320131,-16.14439876693895,-16.160933410454607
14.839999320000063,-12.898589226715671,-16.24241467352362,-16.231345116765763
14.879999165000298,-12.96887785459795,-16.312703301405897,-16.301756823076918
14.919999973000813,-13.060808239950116,-16.404633686758064,-16.391807612498077
14.959999467000669,-13.060808239950116,-16.404633686758064,-16.4962133225125
14.999998979000338,-13.250827267236806,-16.594652714044752,-16.63014925895103
15.040000251000492,-13.42061777678777,-16.764443223595716,-16.792221883820602
15.080000118000498,-13.638557536790607,-16.982382983598555,-16.954294508690175
15.120000263000293,-13.871171364297982,-17.21499681110593,-17.102326195785956
15.159999538000195,-13.871171364297982,-17.21499681110593,-17.232030480065294
15.199999035000474,-13.990985702715713,-17.33481114952366,-17.33081995418556
15.239999643000374,-14.069139198184448,-17.412964644992396,-17.384477050790917
15.279999473000316,-14.132504907391931,-17.476330354199877,-17.415562400234585
15.319999932999963,-14.139456847324766,-17.483282294132714,-17.422684881994712
15.360002707000604,-14.026598111516345,-17.37042355832429,-17.428221543061966
15.400002297000356,-14.026598111516345,-17.37042355832429,-17.43097521023707
15.439999016000002,-14.096822503520722,-17.440647950328668,-17.44795471309527
15.47999879100007,-14.146273243267437,-17.490098690075385,-17.49721835677072
15.519999862000079,-14.224354361615786,-17.568179808423732,-17.54648200044617
15.55999882100059,-14.272916329893583,-17.61674177670153,-17.57475434597119
15.600000541000554,-14.272916329893583,-17.61674177670153,-17.604440393638768
15.64000224100073,-14.238184231145834,-17.58200967795378,-17.639673708745516
15.680003479000334,-14.294703481605307,-17.638528928413255,-17.68202461087511
15.720003735000319,-14.400520937149533,-17.74434638395748,-17.724375513004702
15.76000201000079,-14.48467084054155,-17.8284962873495,-17.797619095340103
15.800004432000605,-14.48467084054155,-17.8284962873495,-17.87656568363665
15.840001002999998,-14.60440214282284,-17.948227589630786,-17.956918077753123
15.88000181500047,-14.689436423088036,-18.033261869895984,-18.052890466270497
15.920003460000771,-14.802282907731898,-18.146108354539844,-18.14886285478787
15.960003957000481,-14.964532783128417,-18.308358229936363,-18.23630197291806
16.000008175999938,-14.964532783128417,-18.308358229936363,-18.330850785339265
16.040004284000133,-15.041597733473791,-18.385423180281737,-18.432501064853646
16.080002951000097,-15.162180485194071,-18.50600593200202,-18.535531467452643
16.120002692000526,-15.310534305303806,-18.654359752111752,-18.63856187005164
16.160002673000236,-15.479684796123397,-18.823510242931345,-18.774254775975432
16.200001303000136,-15.479684796123397,-18.823510242931345,-18.91694449471121
16.24000128500029,-15.720062263092757,-19.063887709900705,-19.0638923943521
16.280003044000296,-15.875629078872954,-19.219454525680902,-19.196769075723225
16.320002563000344,-16.045273803508238,-19.389099250316185,-19.329645757094355
16.36000156299997,-16.14406820297904,-19.487893649786987,-19.431457284358505
16.400001767000504,-16.14406820297904,-19.487893649786987,-19.526085855537392
16.44000158200015,-16.22911989941351,-19.57294534622146,-19.596677612935597
16.479988230000345,-16.348771934767388,-19.692597381575336,-19.653259914152265
16.520001434000733,-16.398232590499276,-19.742058037307224,-19.709842215368933
16.560001490000104,-16.426979709062376,-19.770805155870324,-19.754952534663694
16.600001175000216,-16.426979709062376,-19.770805155870324,-19.786046588097452
16.640000916000645,-16.454671495887315,-19.798496942695262,-19.80446167914574
16.68000063800082,-16.504242201936176,-19.848067648744124,-19.821280735817524
16.7200023230007,-16.490308045740697,-19.834133492548645,-19.838099792489313
16.760001120000197,-16.511074992421324,-19.854900439229272,-19.84938049179612
16.80000134200054,-16.511074992421324,-19.854900439229272,-19.850753879537592
16.840001528000357,-16.511074992421324,-19.854900439229272,-19.856499522503913
16.88000061999992,-16.51110914064356,-19.854934587451506,-19.856499522503913
16.920002898000348,-16.51903626057229,-19.862861707380237,-19.856499522503913
16.960000454000692,-16.511074992421324,-19.854900439229272,-19.85235022200872
17.000002491000487,-16.511074992421324,-19.854900439229272,-19.84818320127172
17.040003398999943,-16.490328489945373,-19.83415393675332,-19.850934297511976
17.080001124000773,-16.49027403695855,-19.834099483766497,-19.849532141669762
17.120002628000293,-16.53279174177359,-19.876617188581537,-19.848129985827548
17.160001890000785,-16.50406421321024,-19.847889660018186,-19.853641691224187
17.200000912000178,-16.50406421321024,-19.847889660018186,-19.86211661112227
17.240003341000374,-16.517887016928576,-19.861712463736524,-19.859111527243353
17.280003030000444,-16.53264863644898,-19.876474083256927,-19.847800048278394
17.320002626000132,-16.517766322378993,-19.86159176918694,-19.836488569313442
17.360002981000434,-16.447506818385463,-19.79133226519341,-19.808359922132546
17.40000276200044,-16.447506818385463,-19.79133226519341,-19.775915658064072
17.440002321000065,-16.377243781024095,-19.721069227832043,-19.747832587497186
17.48000075100026,-16.3704273161066,-19.714252762914548,-19.739340099485556
17.52000249499997,-16.37735096954458,-19.721176416352527,-19.730847611473923
17.560003571999914,-16.4050443783273,-19.748869825135248,-19.73502309666347
17.600001094000618,-16.4050443783273,-19.748869825135248,-19.735029721734413
17.64000354200016,-16.398121206971815,-19.741946653779763,-19.729298311412812
17.68000152700006,-16.370460441461333,-19.71428588826928,-19.72080840500888
17.720005345000573,-16.348693917936576,-19.692519364744523,-19.71231849860495
17.760003663000134,-16.362594846307648,-19.706420293115595,-19.702443808239916
17.800002554999992,-16.362594846307648,-19.706420293115595,-19.705224011546395
17.840003707000506,-16.34874775514664,-19.692573201954588,-19.71235751955782
17.880001395000363,-16.384361457993712,-19.72818690480166,-19.718095524580452
17.92000165800073,-16.384361457993712,-19.72818690480166,-19.723833529603084
17.960002439000164,-16.391284871420808,-19.735110318228756,-19.742229016193
18.000002554000275,-16.391284871420808,-19.735110318228756,-19.75765541052468
18.04000300200005,-16.44072518809622,-19.784550634904168,-19.767550243768188
18.08000087900018,-16.461493429652112,-19.80531887646006,-19.768937472629226
18.12000205200002,-16.433835624211255,-19.777661071019203,-19.770324701490267
18.160004205999943,-16.398221015726005,-19.742046462533953,-19.744802583009694
18.20000152800003,-16.398221015726005,-19.742046462533953,-19.696716988273444
18.240003646000332,-16.31311459569335,-19.656940042501297,-19.610415964258344
18.280004356000063,-16.221065455970862,-19.56489090277881,-19.4916420140595
18.320003270000598,-16.00233050413576,-19.346155950943707,-19.37286806386065
18.360003499000413,-15.804351264731771,-19.14817671153972,-19.22734074792015
18.400002302000757,-15.804351264731771,-19.14817671153972,-19.060617297482562
18.440000141999914,-15.585478015990844,-18.929303462798792,-18.8966400442346
18.479999000000134,-15.387448203782933,-18.73127365059088,-18.729883396645796
18.519999896000627,-15.182444237895956,-18.5262696847039,-18.563126749056995
18.559999513000548,-14.970568026787753,-18.3143934735957,-18.402117538444156
18.60000190900064,-14.970568026787753,-18.3143934735957,-18.232628056730796
18.639998989000556,-14.780431962926652,-18.1242574097346,-18.02654697185404
18.67999907000012,-14.540000795216137,-17.883826242024085,-17.77693640466735
18.720000484000593,-14.152038813512169,-17.495864260320115,-17.527325837480664
18.760000582999965,-13.72251519085431,-17.066340637662258,-17.23261264305796
18.799998794000203,-13.72251519085431,-17.066340637662258,-16.909818823046503
18.839998689000822,-13.306865990813126,-16.650691437621074,-16.62385362286336
18.880002029000025,-12.926031695158873,-16.26985714196682,-16.409744626943745
18.920000073000665,-12.72221281259645,-16.066038259404397,-16.19563563102413
18.959999690000586,-12.651970211256229,-15.995795658064177,-16.053393911823164
18.999998881999996,-12.651970211256229,-15.995795658064177,-15.956398737988513
19.04000407400054,-12.59565739480831,-15.939482841616258,-15.864773089796453
19.079999380000118,-12.44105582598561,-15.784881272793557,-15.744853960688008
19.12000063100004,-12.264084571636143,-15.607910018444091,-15.547548781592084
19.16000010300013,-12.052374565714013,-15.39620001252196,-15.361506165785746
19.20000198300022,-11.665444315776613,-15.00926976258456,-15.14752048226714
19.23999977099993,-11.665444315776613,-15.00926976258456,-14.905605671474078
19.280000133000613,-11.37112740839258,-14.714952855200528,-14.659680948159215
19.32000208699992,-11.054510517670831,-14.398335964478779,-14.49114227483183
19.360003078000773,-10.822750949139696,-14.166576395947644,-14.243927222853207
19.40000205100023,-10.822750949139696,-14.166576395947644,-13.957281923222888
19.440000820000023,-10.429369055883502,-13.77319450269145,-13.631460664493323
19.479998978000367,-9.937900910240982,-13.28172635704893,-13.271920681171162
19.520000710000208,-9.425404224023008,-12.769229670830956,-12.851971371625037
19.559999368000714,-9.025051032528882,-12.36887647933683,-12.510698440730152
19.60000071100058,-8.723004401409076,-12.066829848217024,-12.215798606561687
19.6400027210002,-8.723004401409076,-12.066829848217024,-11.981346234822258
19.680000490000566,-8.463401739398655,-11.807227186206603,-11.766683100917845
19.720005370000763,-8.253142365325854,-11.596967812133801,-11.612429293237398
19.76000089900026,-7.951735363006829,-11.295560809814777,-11.400852266093553
19.800001538000284,-7.951735363006829,-11.295560809814777,-11.126286429711861
19.84000373300023,-7.6651192656898575,-11.008944712497804,-10.768977276839879
19.880002595000406,-7.0905725574902005,-10.434398004298147,-10.366914186194531
19.920002159999967,-6.46659660096594,-9.810422047773887,-9.904642132299035
19.959999226000033,-5.941419909780092,-9.285245356588039,-9.499693297866932
19.9999989020007,-5.640375093529345,-8.984200540337293,-9.167666958948203
20.039999949000045,-5.640375093529345,-8.984200540337293,-8.908598263482864
20.07999936900069,-5.430440862896555,-8.774266309704503,-8.706924441059058
20.11999964200004,-5.171253123639251,-8.515078570447198,-8.565459581885401
20.159999636000066,-4.933050797661057,-8.276876244469005,-8.33862680312832
20.19999898300011,-4.933050797661057,-8.276876244469005,-8.068404440437863
20.239999125000395,-4.5062111997439525,-7.850036646551899,-7.788385446110425
20.279999583000063,-4.079329049444255,-7.423154496252202,-7.536428393359432
20.32000031799998,-3.771158152002063,-7.11498359881001,-7.284471340608443
20.36000299800071,-3.6732655339061013,-7.017090980714048,-7.134666907762792
20.400002474000758,-3.6732655339061013,-7.017090980714048,-7.0730374690254605
20.439999227000047,-3.757189035515705,-7.101014482323652,-7.0548713113135335
20.47999957400043,-3.7711818557575976,-7.1150073025655445,-7.035271070962909
20.519999957000433,-3.6803273634424296,-7.024152810250377,-7.015670830612285
20.56000122900059,-3.575264332152978,-6.919089778960926,-6.937270028871884
20.599998891000723,-3.575264332152978,-6.919089778960926,-6.804113905542114
20.639999347999947,-3.3651850268137027,-6.70901047362165,-6.614956469631238
20.679998768000587,-3.105401239108743,-6.44922668591669,-6.4174096028093475
20.720000985000297,-2.7345401838880545,-6.078365630696002,-6.219862735987454
20.76000231300077,-2.5875299980435185,-5.931355444851466,-6.051741707402353
20.79999943700022,-2.5875299980435185,-5.931355444851466,-5.935577436358245
20.840000228000463,-2.524579883888198,-5.868405330696145,-5.906184823544677
20.879999556000257,-2.524579883888198,-5.868405330696145,-5.904796228188866
20.9199997730002,-2.5875771198202173,-5.931402566628165,-5.909001442671806
20.960002915000587,-2.5805870212644617,-5.9244124680724095,-5.925796679985808
21.000001854000402,-2.608556070458213,-5.9523815172661605,-5.939790902039741
21.04000325600009,-2.608556070458213,-5.9523815172661605,-5.927191355606601
21.08000130900018,-2.594550994157862,-5.9383764409658095,-5.89224694914404
21.120003214000462,-2.5245793876545166,-5.8684048344624635,-5.8657010845770925
21.160000953000235,-2.4058649889516603,-5.749690435759607,-5.839155220010145
21.19999928400011,-2.4758267476234743,-5.819652194431422,-5.794432127137909
21.24000007800078,-2.4758267476234743,-5.819652194431422,-5.738496867505655
21.279999909000253,-2.370935529796685,-5.714760976604632,-5.693719972886287
21.31999946199994,-2.24490308949325,-5.588728536301197,-5.622356876594019
21.3600024970001,-2.181980515854816,-5.525805962662764,-5.5509937803017495
21.400003291000758,-2.119011266162129,-5.462836712970077,-5.489425246659071
21.440003029000763,-2.119011266162129,-5.462836712970077,-5.444671341157367
21.480007748999927,-2.063092861583291,-5.406918308391239,-5.395690457794101
21.520001932000014,-2.0211335619847284,-5.364959008792676,-5.349514637167384
21.560002078000252,-1.9370760990384899,-5.2809015458464375,-5.303338816540667
21.600001317000533,-1.8881321630285448,-5.231957609836492,-5.243167318930144
21.6400013880002,-1.8881321630285448,-5.231957609836492,-5.181593201951206
21.680001220000122,-1.7622353735306755,-5.106060820338623,-5.12284356738436
21.720004495000467,-1.7132629770900414,-5.057088423897989,-5.062691245709728
21.76000147400009,-1.6433279262042615,-4.987153373012209,-5.002538924035096
21.80000454600031,-1.5873705546553816,-4.931196001463329,-4.94236853688354
21.84000076600023,-1.5873705546553816,-4.931196001463329,-4.868212790321996
21.880000393000046,-1.461383437772898,-4.805208884580845,-4.785668016476257
21.92000068700054,-1.3424842442823224,-4.68630969109027,-4.698930225387921
21.959999962999973,-1.2306040569755643,-4.574429503783511,-4.612192434299584
22.0000007940007,-1.1536815992136993,-4.497507046021647,-4.538061671804626
22.04000242100028,-1.1536815992136993,-4.497507046021647,-4.475119618825465
22.08000038499995,-1.0907296252981074,-4.434555072106055,-4.413571426604243
22.12000031200023,-1.0277739793865197,-4.371599426194467,-4.36601089915097
22.15999994200047,-0.9228630958694493,-4.266688542677397,-4.318450371697696
22.20000148000054,-0.9158789619473349,-4.259704408755282,-4.2610879034729185
22.24000250000063,-0.9158789619473349,-4.259704408755282,-4.186942400569587
22.280000742000087,-0.8039172841742196,-4.147742730982167,-4.101606879812752
22.320001316000344,-0.6570464648698621,-4.00087191167781,-4.00088155278201
22.36000255800082,-0.49618549208526863,-3.840010938893216,-3.9001562257512687
22.40000261500063,-0.4122523267936289,-3.756077773601576,-3.8050397002632663
22.440003022999917,-0.4122523267936289,-3.756077773601576,-3.723910355512518
22.480001191000152,-0.32833465673420614,-3.6721601035421534,-3.648374896709283
22.520000840000645,-0.2513997411161231,-3.5952251879240706,-3.5826348576641833
22.56000087800021,-0.1185081980690902,-3.4623336448770377,-3.5168948186190847
22.60000132300047,-0.08355213156813236,-3.42737757837608,-3.446955342139114
22.640002713000285,-0.08355213156813236,-3.42737757837608,-3.377018596433558
22.680002510000122,0.02136272566564675,-3.322462721142301,-3.351847695214814
22.720005011000467,0.09828398741165408,-3.2455414593962932,-3.3028938753270793
22.76000406700041,0.007346308024630413,-3.336479138783317,-3.253940055439344
22.80000108700006,0.161216967870543,-3.1826084789374045,-3.220373919571716
22.840002124999955,0.161216967870543,-3.1826084789374045,-3.186805766366364
22.880000477000067,0.1891934050037853,-3.1546320418041622,-3.1042830485516033
22.920001145000242,0.26612475343841696,-3.0777006933695303,-3.0119713734917415
22.960000276000756,0.41995989709843146,-2.923865549709516,-2.919659698431879
23.000001035999958,0.6227753431698543,-2.721050103638093,-2.7853836640843443
23.040000315000725,0.6227753431698543,-2.721050103638093,-2.614742306804435
23.080000558999927,0.8605735767414568,-2.4832518700664905,-2.413310670589046
23.120002618999933,1.119331539837965,-2.2244939069699825,-2.2006777159837823
23.160002105000785,1.4271180781753765,-1.9167073686325709,-1.988044761378518
23.200003016000665,1.6859401161961738,-1.6578853306117736,-1.8131772821936267
23.240000576000057,1.6859401161961738,-1.6578853306117736,-1.6550951577798325
23.280000358000507,1.7349109726659144,-1.608914474142033,-1.5249779280784064
23.320003140000154,1.9097421619069357,-1.4340832849010117,-1.4060713825506181
23.36000219900052,2.0777042266825076,-1.2661212201254397,-1.28716483702283
23.400001889000123,2.280472843835115,-1.0633526029728322,-1.1262858393917805
23.44000102200062,2.280472843835115,-1.0633526029728322,-0.9430137545863229
23.480001675000494,2.5393059608211606,-0.8045194859867868,-0.7261835683483568
23.52000093800052,2.8261025859342244,-0.517722860873723,-0.4771244522611415
23.56000079400019,3.1618551578723375,-0.18197028893560985,-0.22806533617392616
23.600001112999962,3.5257684242711917,0.1819429774632444,0.04057464518561149
23.64000128400039,3.5257684242711917,0.1819429774632444,0.317654437523879
23.68000097300046,3.882505867618849,0.5386804208109015,0.5779527782579229
23.720003514000382,4.211501547625562,0.8676761008176146,0.8186824595505022
23.760002388999965,4.463346861542557,1.1195214147346095,1.0594121408430817
23.80000052200012,4.729416830734088,1.385591383926141,1.3071615595540242
23.840000434000103,4.729416830734088,1.385591383926141,1.5689420930043283
23.88000029000068,5.121252961173563,1.7774275143656157,1.8419522808648225
23.920000312999946,5.5204042148770816,2.176578768069134,2.109386504696615
23.95999974300048,5.828397800845028,2.484572354037081,2.3768207285284078
24.000001821000296,6.0665879498930515,2.722762503085104,2.6331471034198746
24.04000062100022,6.0665879498930515,2.722762503085104,2.8852875733578074
24.08000159200037,6.402884835630896,3.059059388822949,3.169706028149661
24.120000229000652,6.7811065645667465,3.437281117758799,3.504546194551831
24.160001883999943,7.250490074804295,3.906664627996348,3.839386360954002
24.20000133600024,7.740788781903903,4.396963335095956,4.174313075354443
24.240001121000205,7.740788781903903,4.396963335095956,4.49387102500542
24.28000172100019,8.077518407633107,4.7336929608251594,4.774251898771409
24.320001654000407,8.378896312821631,5.035070866013683,5.007093191601597
24.36000325400073,8.652394443634241,5.308568996826294,5.239934484431784
24.400002723999933,8.904995246054842,5.561169799246894,5.464328242792973
24.440002287000425,8.904995246054842,5.561169799246894,5.693040671190597
24.480001702000663,9.19948719943905,5.855661752631102,5.924552054220584
24.520003782999993,9.52245845480975,6.1786330080018015,6.171502675139021
24.560002883000383,9.809951358784176,6.466125911976228,6.418453296057459
24.600000279000593,10.13974835064703,6.795922903839083,6.669686808164212
24.640002138000458,10.13974835064703,6.795922903839083,6.947591905004137
24.68000249700071,10.45565475997281,7.111829313164861,7.234101150706444
24.720004486000107,10.911983939009378,7.56815849220143,7.486928749944653
24.760003086000324,11.24249758729571,7.898672140487761,7.739756349182864
24.800001538000284,11.403886346838082,8.060060900030134,7.974452591024596
24.840001193000713,11.403886346838082,8.060060900030134,8.176884198187256
24.880001756000638,11.629135969181466,8.285310522373518,8.359575185539347
24.92000204100077,11.92414197482268,8.580316528014732,8.569143335432482
24.960001752000608,12.15595252405617,8.812127077248222,8.778711485325617
25.00000263000038,12.451727096303756,9.107901649495808,9.017835436171476
25.04000195200024,12.451727096303756,9.107901649495808,9.286632243549452
25.080001574000562,12.824755723410753,9.480930276602805,9.55971336880614
25.120002714000293,13.268126011712559,9.92430056490461,9.793420991601973
25.16000372400049,13.521358150339617,10.17753270353167,10.027128614397805
25.20000158700077,13.620265210282914,10.276439763474967,10.187621782409012
25.240001078000205,13.620265210282914,10.276439763474967,10.272091495609846
25.28000249600063,13.627221563466794,10.283396116658846,10.334025117607856
25.320002025000576,13.690474577716733,10.346649130908785,10.415719502763952
25.360000869000032,13.831026260329663,10.487200813521715,10.49741388792005
25.40000280599998,14.028737136063398,10.68491168925545,10.624213018440894
25.440000612000404,14.028737136063398,10.68491168925545,10.78211573695037
25.48000077100005,14.261217216071024,10.917391769263077,10.931705257056388
25.520001615000183,14.479988170264106,11.136162723456158,11.044528971267711
25.560001570000164,14.578973860859756,11.235148414051809,11.157357174704297
25.60000122800011,14.592855707120007,11.24903026031206,11.223689362139355
25.640000702000183,14.592878153246321,11.249052706438373,11.250426794251785
25.680000601000753,14.592878153246321,11.249052706438373,11.268629867421593
25.72000327800015,14.613675330826263,11.269849884018315,11.302428571076799
25.760001585000282,14.669989226708791,11.326163779900844,11.33622278550674
25.80000065100012,14.761849225396032,11.418023778588084,11.413718589539876
25.84000040200044,14.761849225396032,11.418023778588084,11.525227296891599
25.880000561000085,14.980357173411996,11.636531726604048,11.652172517296304
25.920000127000094,15.171218867584885,11.827393420776938,11.786256554510508
25.960001693000777,15.304715328732312,11.960889881924365,11.920340591724713
26.000001259000783,15.432269411467058,12.08844396465911,12.037447636235129
26.040001196000045,15.432269411467058,12.08844396465911,12.143280938157144
26.080001154000456,15.56589239596407,12.222066949156122,12.24496203574629
26.120000982000423,15.700385377194968,12.35655993038702,12.350811129463839
26.160000792000574,15.81312081667804,12.469295369870093,12.456660223181384
26.20000189800066,15.96151488005479,12.617689433246841,12.57396724762722
26.240001782000032,15.96151488005479,12.617689433246841,12.706708397167478
26.280001518000063,16.15242751819326,12.808602071385312,12.838069853671627
26.320002199000555,16.36409112489626,13.020265678088311,12.962518848160991
26.360002527000685,16.46992809919877,13.126102652390824,13.086967842650356
26.40000118900025,16.58375985250161,13.239934405693663,13.231177829589644
26.440000388000048,16.58375985250161,13.239934405693663,13.365505308525218
26.48000380900066,16.8734774528897,13.52965200608175,13.480048862652342
26.52000197100006,17.035728519574135,13.691903072766188,13.591599728227797
26.560003299000527,17.0426458698344,13.69882042302645,13.70315059380325
26.600003590000593,17.141514180378877,13.79768873357093,13.771004783786708
26.640001697000113,17.141514180378877,13.79768873357093,13.816308675783123
26.68000202500025,17.212748402806987,13.86892295599904,13.864409741626474
26.72000579800078,17.262247979556207,13.91842253274826,13.895713389010435
26.760001311999986,17.28315119905116,13.939325752243214,13.938280156084835
26.800002270000732,17.298032417298685,13.954206970490738,13.966600078673613
26.840002173000354,17.354348015750876,14.010522568942928,13.989168638133151
26.880002557000807,17.354348015750876,14.010522568942928,14.013299208069395
26.920001033000514,17.3750907768539,14.031265330045951,14.034450987511505
26.960001102000206,17.403804048732376,14.059978601924428,14.048487911449323
27.00000194900076,17.403791314509245,14.059965867701298,14.062524835387137
27.040002667000405,17.424532635439952,14.080707188632005,14.07242195277802
27.080001869000625,17.424532635439952,14.080707188632005,14.07518748558781
27.120000793000145,17.424576363808317,14.080750917000369,14.092193044556728
27.160000865000256,17.417631712781322,14.073806265973374,14.131935557297535
27.20000091900056,17.488819109353837,14.14499366254589,14.17167807003834
27.24000102900027,17.62324519914398,14.279419752336032,14.219917935610335
27.28000050900027,17.62324519914398,14.279419752336032,14.275072147805844
27.32000104400049,17.665775691668287,14.32195024486034,14.333005964995163
27.360001320000265,17.693402773758876,14.349577326950929,14.367032246569414
27.40000218900059,17.778488195300437,14.434662748492489,14.40105852814367
27.440000909000446,17.79337660701524,14.449551160207292,14.426578711213057
27.48000079600024,17.79337660701524,14.449551160207292,14.443593058787917
27.52000081300048,17.79337660701524,14.449551160207292,14.446564420128405
27.5600019780004,17.778474511633156,14.434649064825209,14.456446309588369
27.600000921000174,17.79334500200289,14.449519555194943,14.466328199048334
27.640000493000112,17.84278605431506,14.498960607507112,14.471841016517018
27.68000265800038,17.84278605431506,14.498960607507112,14.478952237187723
27.720010822999942,17.82094069435866,14.477115247550714,14.481707317793399
27.760002414000155,17.814030614986695,14.470205168178747,14.477335353209147
27.800002746000246,17.80712040503126,14.463294958223312,14.472963388624896
27.84000152200042,17.820926231393802,14.477100784585854,14.47870528902391
27.88000126099996,17.820926231393802,14.477100784585854,14.481466403210243
27.920000351999988,17.849650196353736,14.505824749545788,14.501245031193566
27.960002202000393,17.82783618591835,14.484010739110403,14.533883075734673
28.000003182,17.906013544947886,14.562188098139938,14.566521120275775
28.04000242100028,17.984116454099322,14.640291007291374,14.617349840610064
28.080001237000033,17.984116454099322,14.640291007291374,14.710943153774622
28.12000259100023,18.103793798025173,14.759968351217225,14.88934590633463
28.160001500000362,18.29580275174114,14.951977304933191,15.152840013419915
28.20000150100077,18.79802730774793,15.454201860939982,15.416334120505203
28.240001484000462,19.301586989525756,15.957761542717808,15.738204471868462
28.28000296700066,19.301586989525756,15.957761542717808,16.04444787371823
28.320002172000386,19.713145554841475,16.369320108033527,16.241740501729513
28.36000117399999,19.82701976098997,16.483194314182022,16.33969944297825
28.400000731000546,19.784490447804338,16.44066500099639,16.437658384226992
28.440000028000213,19.79138169576946,16.44755624896151,16.451915510537454
28.48000121500081,19.79138169576946,16.44755624896151,16.46615694263074
28.52000086499993,19.784431186393775,16.440605739585827,16.521570830131584
28.560000551000485,19.898226921456402,16.554401474648454,16.589851019490602
28.600000293999983,20.061559885308554,16.717734438500607,16.658131208849618
28.640000147000137,20.13278264256455,16.788957195756602,16.726430538865387
28.680000667000062,20.13278264256455,16.788957195756602,16.77472556998635
28.72000178000053,20.125927836472613,16.782102389664665,16.7818473707519
28.76000139200005,20.139702077061234,16.795876630253286,16.776097458969407
28.800002857000432,20.097168889136313,16.753343442328365,16.770347547186905
28.84000135800034,20.104033083652055,16.760207636844108,16.764591119204873
28.880001989000444,20.104033083652055,16.760207636844108,16.76321141227931
28.92000117600037,20.09714569656246,16.753320249754513,16.77748138218825
28.96000015900063,20.132803542433408,16.78897809562546,16.791758066045823
29.00000056800036,20.168518738681016,16.824693291873068,16.806034749903397
29.04000234700015,20.175416502939925,16.831591056131977,16.821691149580197
29.080001129000266,20.175416502939925,16.831591056131977,16.827216441281827
29.12000131900004,20.17542769494647,16.831602248138523,16.825848091599074
29.160002879000785,20.160430000941545,16.816604554133598,16.823091545903388
29.20000036500005,20.16167699026724,16.81785154345929,16.820335000207706
29.240000166000755,20.161633774461503,16.817808327653555,16.817587188753517
29.280000671000384,20.161633774461503,16.817808327653555,16.814828456925813
29.320001194000724,20.161688637675528,16.81786319086758,16.81044539594615
29.36000019900075,20.14663634180303,16.802810894995083,16.786292091993182
29.400000018000355,20.139761685368914,16.795936238560966,16.762138788040215
29.44000061600036,20.04086725469667,16.697041807888723,16.696578327290048
29.480001249999987,20.04086725469667,16.697041807888723,16.60004759484727
29.520001106000564,19.83388633392468,16.490060887116734,16.475251344117677
29.56000124100046,19.663982679589147,16.3201572327812,16.327472470282878
29.600001634000368,19.515780431720952,16.171954984913004,16.17969359644808
29.640000602000327,19.301972885522673,15.958147438714725,16.02804053490798
29.68000114300048,19.301972885522673,15.958147438714725,15.856575619068858
29.720002963000297,19.075621026224184,15.731795579416236,15.62534404955392
29.760001393000493,18.806658100393545,15.462832653585597,15.35349896352119
29.80000160200052,18.359622584146262,15.015797137338314,15.08165387748846
29.84000045800076,17.942747455359026,14.598922008551078,14.76308214368205
29.88000044399996,17.942747455359026,14.598922008551078,14.400605105546006
29.92000126400035,17.48276235719214,14.138936910384192,14.039791915430076
29.960000583000692,16.994272909713313,13.650447462905365,13.68314942155556
30.00000212500072,16.55555663356661,13.211731186758662,13.326506927681049
30.040004241000133,16.15953498598646,12.815709539178513,12.958807880506052
30.080001341000752,16.15953498598646,12.815709539178513,12.633680037181136
30.120003218999955,15.64426712131715,12.300441674509202,12.393560151121813
30.16000198600068,15.368633693088738,12.02480824628079,12.243928829005743
30.200006697999925,15.354957203269995,12.011131756462047,12.09429750688967
30.24000215000069,15.411378375406107,12.06755292859816,12.058994930791412
30.28000113899998,15.411378375406107,12.06755292859816,12.090096177331137
30.32000268400043,15.467754240825858,12.12392879401791,12.12254668991205
30.360003488000075,15.524139925787352,12.180314478979405,12.129665475947002
30.400000274000377,15.51720976617457,12.173384319366622,12.136784261981953
30.440001078000023,15.44697230558086,12.103146858772913,12.118390581508631
30.480000047999965,15.44697230558086,12.103146858772913,12.104186431413009
30.520003001000074,15.375785838459251,12.031960391651303,12.088580881344363
30.560001916000147,15.453119175309245,12.109293728501298,12.057367973193134
30.600001016000533,15.439182015831332,12.095356569023384,12.026155065041905
30.640003024000183,15.290907764824716,11.947082318016768,11.92873163227419
30.680001087000164,15.290907764824716,11.947082318016768,11.732798490959173
30.720004725000763,14.888668674620686,11.544843227812738,11.464901926022353
30.760001844000726,14.47345346873415,11.129628021926202,11.173057096791249
30.80000173999997,14.09969919114724,10.755873744339292,10.872873642615163
30.840001600000505,13.831683618669189,10.487858171861241,10.653138006479885
30.880000182000003,13.789990493944293,10.446165047136345,10.506562577416572
30.920001356000284,13.789990493944293,10.446165047136345,10.431962629651025
30.96000047500002,13.740576323417583,10.396750876609635,10.417897273686057
31.00000103900038,13.726699452319506,10.382874005511558,10.412170542666072
31.040003065000747,13.761356838844355,10.417531392036407,10.397926745002433
31.080002335000245,13.761356838844355,10.417531392036407,10.380905557554748
31.12000156800059,13.71877150562611,10.374946058818162,10.31740583548242
31.1600028010007,13.655470386179152,10.311644939371204,10.194934773780542
31.20000155300022,13.409200841957869,10.065375395149921,10.011930436484175
31.24000134200014,13.149001530334962,9.805176083527014,9.83744316583146
31.27999974200066,12.846335152362524,9.502509705554576,9.623562770710445
31.320000716000322,12.846335152362524,9.502509705554576,9.377385605818562
31.360001338000075,12.586068410574084,9.242242963766136,9.135337373676517
31.400001849000546,12.17831501749845,8.834489570690502,8.95382241712896
31.44000145200062,11.93876036962474,8.594934922816792,8.716079677505371
31.48000094500003,11.93876036962474,8.594934922816792,8.455934003494063
31.520000381000504,11.657621454244582,8.313796007436634,8.246292119611187
31.560000985000443,11.285340040517537,7.94151459370959,8.078995402108887
31.600003107000703,11.130105598084073,7.7862801512761255,7.897676824498554
31.640001229000518,11.10227678211324,7.758451335305292,7.772586029964252
31.680000461999953,11.032167481573074,7.688342034765126,7.633475379788382
31.72000282499994,11.032167481573074,7.688342034765126,7.3934836105060615
31.760001577000367,10.589786789638186,7.245961342830238,7.063581144947568
31.80000277300042,9.930146751672474,6.586321304864526,6.7477005394971075
31.840002802000527,9.452764454320771,6.108939007512824,6.419161606617266
31.880000128000578,9.452764454320771,6.108939007512824,6.143938611891561
31.920002268000648,9.389472817173864,6.045647370365916,5.849185426813651
31.960000908999973,9.213671816009663,5.869846369201715,5.492850891201419
32.000001031000465,8.456380826282926,5.112555379474978,5.136516355589186
32.040003042000535,7.671091776259608,4.3272663294516605,4.677854652066652
32.080002815000626,7.671091776259608,4.3272663294516605,4.167541757216034
32.12000301500029,7.096164299561196,3.752338852753249,3.76802587446685
32.16000115800034,6.662107341756569,3.3182818949486212,3.5171855804895173
32.20000019100007,6.4588014125370075,3.11497596572906,3.266345286512185
32.240000001000226,6.416890306372943,3.073064859564996,3.1501179389604195
32.280001034000634,6.416890306372943,3.073064859564996,3.15707992166375
32.320000696000534,6.515027561802372,3.1712021149944243,3.2299172419220143
32.36000317300022,6.69691725527322,3.353091808465273,3.298570975328726
32.400003354000546,6.822988013828328,3.479162567020381,3.3672247087354386
32.44000072000017,6.760158973406504,3.416333526598557,3.4147721786601615
32.480000030000156,6.760158973406504,3.416333526598557,3.403606944791785
32.52000113700069,6.752764911425986,3.408939464618039,3.27475660873465
32.560000428999956,6.641091085931339,3.2972656391233914,3.046441488697034
32.60000127600051,6.178736333542655,2.8349108867347073,2.6430797762792997
32.64000193800075,5.618583373218424,2.274757926410477,2.241196876257669
32.68000086000029,4.743350411317833,1.3995249645098853,1.6069370501140117
32.72000342899992,4.743350411317833,1.3995249645098853,0.8091352725841414
32.760001425000155,3.469791955213051,0.12596650840510382,-0.07530248349930409
32.800002717000105,2.189727445893304,-1.1540980009146433,-0.9497186007207145
32.84000152700082,1.196394592801196,-2.1474308540067515,-1.8241347179421248
32.87999985600072,0.3712698252107804,-2.972555621597167,-2.6102957249433194
32.920009648000814,0.3712698252107804,-2.972555621597167,-3.348930811360239
32.96000016200014,-0.46101307979292155,-3.804838526600869,-4.112732471063743
33.00000347200057,-1.5034479861912948,-4.847273432999242,-4.7884758141782156
33.04000330100007,-2.622613705716324,-5.966439152524272,-5.464219157292689
33.080003281000245,-3.007446890361583,-6.35127233716953,-5.941308140859405
33.12000363200059,-3.007446890361583,-6.35127233716953,-6.191787425056827
33.16000292700028,-2.8464579976265045,-6.190283444434452,-6.219837596701973
33.20000301800064,-2.7558444071784027,-6.0996698539863505,-6.170920872834851
33.240002832000755,-2.7628645639420566,-6.106690010750004,-6.122004148967728
33.28000301600059,-2.7628632710259713,-6.106688717833919,-6.102488542279994
33.32000240300022,-2.7628632710259713,-6.106688717833919,-6.070297075789413
33.36000164300003,-2.748879964187832,-6.092705410995779,-5.9583558090519
33.400012566999976,-2.594887074725495,-5.938712521533443,-5.782045197838877
33.44000160300038,-2.2031582302544965,-5.546983677062444,-5.605734586625852
33.48000258299999,-1.8813102149608505,-5.225135661768798,-5.408448663203404
33.52000023000073,-1.8813102149608505,-5.225135661768798,-5.160818356033497
33.56001674700019,-1.7624503470755926,-5.10627579388354,-4.97614871277183
33.600001487000554,-1.3567355388759579,-4.7005609856839055,-4.92720153432208
33.64000148500054,-1.2798100139461623,-4.62363546075411,-4.878254355872331
33.68000068800029,-1.6365743227121008,-4.980399769520048,-4.966402051982435
33.720012112000404,-1.6365743227121008,-4.980399769520048,-5.229458946360107
33.76000359200043,-2.2031888276261156,-5.547014274434063,-5.528887163393453
33.80000135000046,-2.6720200107643204,-6.015845457572268,-5.644967000356896
33.840003164000336,-2.776951099112889,-6.120776545920837,-5.7610468373203405
33.88000144000034,-2.216973507529319,-5.560798954337266,-5.476991122128396
33.92000082800041,-2.216973507529319,-5.560798954337266,-4.787267885254789
33.9600024930005,-0.7829102516663955,-4.126735698474343,-3.86529927860006
34.000002011000106,0.7765961736037138,-2.5672292732042337,-2.8790609274924224
34.040002046000154,1.8328919341607557,-1.5109335126471917,-1.8928225763847837
34.080001715000435,2.714218248008872,-0.6296071987990755,-1.0563037358878997
34.12000288300078,2.714218248008872,-0.6296071987990755,-0.45610851331577146
34.160003033000066,3.3996839508180248,0.055858504010077414,-0.06437949791359436
34.20000088699999,3.7775722864643555,0.43374683965640815,0.10770088079155098
34.24000464800065,3.791537011171641,0.4477115643636935,0.2797812594966963
34.280000946000655,3.5746201415345986,0.23079469472665126,0.23918971883807733
34.32000076300028,3.5746201415345986,0.23079469472665126,0.04468182020348745
34.36000089400022,3.19672624752493,-0.1470991992830175,-0.23375770025402343
34.400001728999996,2.805032793291406,-0.5387926535165413,-0.5443638047765884
34.440002416000425,2.3993394088840865,-0.9444860379238609,-0.8549699092991535
34.480002603000685,2.0215896189217735,-1.3222358278861739,-1.1207951106867537
34.520001346000754,2.0215896189217735,-1.3222358278861739,-1.2956954627756643
34.56000121800025,1.867600240586929,-1.4762252062210184,-1.351666303299756
34.60000153500005,1.9305310328468528,-1.4132944139610946,-1.287334583067338
34.64000137000039,2.1194852062636285,-1.224340240544319,-1.2230028628349199
34.68000246400061,2.3432482200838636,-1.0005772267240838,-1.1208518157500156
34.72001226200064,2.3432482200838636,-1.0005772267240838,-1.0536920079681844
34.76000083800045,2.3783554760114507,-0.9654699707964967,-1.0355125167488795
34.80000284000016,2.2663300717560086,-1.0774953750519387,-1.0522958073637372
34.840016267000465,2.210382662360153,-1.1334427844477943,-1.0690790979785951
34.880001918000744,2.259331767009574,-1.0844936797983733,-1.0900884447888304
34.92000419700071,2.259331767009574,-1.0844936797983733,-1.090089573271943
34.96000147700033,2.273308741960275,-1.0705167048476723,-1.0747056427776656
35.00000214500051,2.2663244293404463,-1.077501017467501,-1.0663128283268346
35.04000324000026,2.28730231483154,-1.0565231319764075,-1.0579200138760039
35.08000343000003,2.3012958392637284,-1.042529607544219,-1.0453312831059773
35.12000325000008,2.3012958392637284,-1.042529607544219,-1.0229245267592355
35.160001218000616,2.3362523958104067,-1.0075730509975407,-1.0019162328780273
35.200000445000114,2.3783582110741563,-0.965467235733791,-0.9753153858630326
35.23999922800067,2.3923437842375797,-0.9514816625703677,-0.9487145388480375
35.27999954700044,2.434300074338703,-0.9095253724692443,-0.924907745532743
35.32000140400032,2.434300074338703,-0.9095253724692443,-0.906723398390165
35.360001705000286,2.4552863623868797,-0.8885390844210677,-0.8857404527553955
35.40000100600082,2.4692799467870463,-0.874545500020901,-0.8703517733975079
35.43999908600017,2.497258512411427,-0.8465669343965203,-0.8549630940396202
35.47999931300001,2.5112434711281413,-0.8325819756798061,-0.8395778993588413
35.520002410000416,2.5112434711281413,-0.8325819756798061,-0.8227959964878553
35.56000211900027,2.5322123357907738,-0.8116131110171736,-0.8102130227695724
35.60000086400032,2.5531894611419776,-0.7906359856659697,-0.7976284339295289
35.64000088800003,2.5601733810028406,-0.7836520658051067,-0.7850438450894854
35.680002448000785,2.5741664153283588,-0.7696590314795886,-0.8228294786892221
35.72000969400051,2.5741664153283588,-0.7696590314795886,-1.0145060602185343
35.760002605999944,2.343284167792091,-1.0005412790158563,-1.3656850215731724
35.7999991480001,1.5948065534954163,-1.749018893312531,-1.8637138507854154
35.8400016530004,0.8042785742296497,-2.5395468725782977,-2.3617426799976586
35.87999956600015,0.08402226926714375,-3.2598031775408036,-2.981360374590711
35.91999999700056,0.08402226926714375,-3.2598031775408036,-3.656955024129489
35.95999981600016,-0.7548043051731725,-4.09862975198112,-4.399694919144605
35.999998784000134,-1.783166694198473,-5.12699214100642,-5.248925162124026
36.04000047400041,-2.90942090084593,-6.253246347653878,-6.098155405103447
36.079999205000604,-4.162128945629961,-7.505954392437909,-7.093310241945064
36.120000028000504,-4.162128945629961,-7.505954392437909,-8.27095306034152
36.160000369000045,-5.730578489381254,-9.074403936189201,-9.703345006712393
36.199999192000185,-7.671380786180759,-11.015206232988707,-11.342119132961033
36.239998774000014,-10.071380632700297,-13.415206079508245,-12.980893259209669
36.27999993000048,-12.355999576873149,-15.699825023681097,-14.341058389193938
36.31999877199996,-12.355999576873149,-15.699825023681097,-15.413065717206852
36.36000233499999,-12.531404139302593,-15.87522958611054,-16.26454089458596
36.40000188000067,-13.031417426245328,-16.375242873053274,-17.065694756374317
36.43999896200057,-14.328756519595851,-17.672581966403797,-18.45069179978047
36.4799989890007,-16.361768885814936,-19.705594332622884,-19.80060793070073
36.51999986700048,-19.280984793903894,-22.62481024071184,-21.81537219255725
36.56000124599995,-19.280984793903894,-22.62481024071184,-24.531244602676896
36.60000304999994,-23.105238735527937,-26.449064182335885,-26.87212129195627
36.640002206000645,-27.90811857019407,-31.251944017002018,-28.629154799617844
36.68000332500014,-28.06615233221179,-31.409977779019737,-29.63870794440686
36.720010259000446,-28.06615233221179,-31.409977779019737,-29.511571306000423
36.760002416000134,-24.328750517848995,-27.672575964656943,-28.371123913065343
36.79999957200016,-22.469555543495737,-25.813380990303685,-27.420530197388
36.839999061000526,-22.205881605518677,-25.549707052326625,-26.849345802919807
36.8800008470007,-23.31318375382506,-26.65700920063301,-27.02564177132417
36.92000180000014,-25.210230359870824,-28.55405580667877,-27.832542557466507
36.96000073400046,-25.210230359870824,-28.55405580667877,-28.925492320083634
37.000000816000465,-26.504059474207416,-29.847884921015364,-30.02077638265282
37.04000228700079,-27.670630418604308,-31.014455865412256,-30.73665112401286
37.08000090900077,-28.78960406667101,-32.13342951347896,-31.778588618167124
37.12000056800025,-28.78960406667101,-32.13342951347896,-32.85094453889446
37.160000894000405,-30.419917830642113,-33.76374327745006,-34.03159268537486
37.200000239000474,-31.865839077844132,-35.20966452465208,-35.44525995972098
37.240002361000734,-33.573871151006315,-36.91769659781426,-37.44137902473659
37.28000161300042,-35.85794043840157,-39.20176588520952,-39.111435336957996
37.32000077200064,-38.770199391749095,-42.11402483855704,-40.93323021357949
37.36000204300035,-38.770199391749095,-42.11402483855704,-42.81610837375799
37.4000032390004,-40.97481346095163,-44.31863890775958,-44.61242916040739
37.44000175000019,-42.98826195189884,-46.33208739870679,-45.826298156387274
37.4800034280006,-44.83954437164854,-48.18336981845649,-47.276905680705454
37.52000351300012,-44.83954437164854,-48.18336981845649,-48.3312005963211
37.560001450000534,-46.02323701333997,-49.36706246014792,-49.14905344181434
37.60000209100053,-46.24628803902989,-49.59011348583784,-50.03678055029577
37.640002584000285,-47.07752617936501,-50.42135162617296,-50.92450765877719
37.68000044700056,-49.27817991405566,-52.62200536086361,-52.034383324012424
37.72001408699998,-49.27817991405566,-52.62200536086361,-53.660554725910174
37.759999432000775,-51.57261533951615,-54.916440786324095,-55.618188603629484
37.80000162800024,-54.37714504851865,-57.7209704953266,-57.41526410737723
37.84000425100021,-56.86569556796157,-60.20952101476952,-59.21233961112496
37.880001262000405,-58.26355743279436,-61.607382879602305,-60.83904579348964
37.92000369900052,-58.26355743279436,-61.607382879602305,-62.24716374872154
37.96000200600065,-59.70614625133952,-63.049971698147466,-63.45946929917202
38.000001832000635,-61.41773482467816,-64.7615602714861,-64.74132729104551
38.040005546999964,-62.92722332021393,-66.27104876702188,-66.023185282919
38.08000272800018,-64.67284739216187,-68.01667283896981,-67.36018485103804
38.120000909000744,-64.67284739216187,-68.01667283896981,-68.77998769654177
38.16000079400055,-66.39114409193472,-69.73496953874266,-70.37482214058463
38.20000119700035,-68.51674905219672,-71.86057449900466,-72.1650900512086
38.240000915000564,-70.90139554042828,-74.24522098723622,-74.53184166373698
38.28000013300061,-73.62418694528169,-76.96801239208963,-76.55493393631079
38.32000216600045,-76.50660545480376,-79.8504309016117,-78.69672136015178
38.36000240200064,-76.50660545480376,-79.8504309016117,-80.869569721929
38.40000176800004,-79.22568617140172,-82.56951161820966,-83.02170596372756
38.440001375000065,-81.76563734931433,-85.10946279612227,-85.09748288907569
38.48000059300011,-84.38486815427451,-87.72869360108245,-87.17325981442382
38.5200008110005,-86.88549008154442,-90.22931552835236,-89.20681952984062
38.56000065900025,-86.88549008154442,-90.22931552835236,-91.20361767879237
38.60000276600022,-89.39348474848573,-92.73731019529367,-93.10012449640742
38.64000103900071,-91.74962809407309,-95.09345354088103,-94.89809457399569
38.68000099800065,-93.86740224234977,-97.21122768915771,-96.69606465158395
38.72001054900011,-95.87534046948574,-99.21916591629368,-98.50531123333752
38.76000319300056,-95.87534046948574,-99.21916591629368,-100.37169820168258
38.800001096000415,-98.43971765725355,-101.7835431040615,-102.23360419064954
38.84000109200042,-101.0815629357984,-104.42538838260634,-104.02370040734176
38.88000292100059,-103.17693218718456,-106.5207576339925,-105.81379662403398
38.92000204600026,-104.82582155294689,-108.16964699975483,-107.35586452568748
38.96000246800031,-104.82582155294689,-108.16964699975483,-108.55243880615379
39.00000340800034,-106.15005716552096,-109.4938826123289,-109.40310643751813
39.04000205200009,-107.0644343381299,-110.40825978493784,-109.92880068579791
39.080001070000435,-107.43027034400633,-110.77409579081427,-110.45449493407769
39.12000106800042,-107.45429279434578,-110.79811824115372,-110.7550552008383
39.16000280800017,-107.45429279434578,-110.79811824115372,-110.92889712778617
39.20000278800035,-107.65285849932397,-110.99668394613191,-111.14915824022152
39.24000304600031,-107.93364397286932,-111.27746941967726,-111.48818965756546
39.28000284200061,-108.53157590618306,-111.875401352991,-111.82722107490937
39.32000174800032,-109.14944988106541,-112.49327532787335,-112.33576108163524
39.360003395000604,-109.14944988106541,-112.49327532787335,-112.93251690968177
39.40000085700012,-110.19555853295337,-113.53938397976131,-113.47938124817286
39.44000131800021,-110.91742311310185,-114.26124855990979,-113.94660128449775
39.48000298400075,-111.26589759863852,-114.60972304544646,-114.41382132082262
39.52000350100025,-111.48555006268988,-114.82937550949782,-114.71407930247533
39.56000166700051,-111.48555006268988,-114.82937550949782,-114.9645709734865
39.60000111000045,-111.69684844121684,-115.04067388802478,-115.29393982396769
39.64000259000022,-112.16988146815773,-115.51370691496567,-115.70472619685336
39.680002052000425,-112.91274185104443,-116.25656729785237,-116.11551256973901
39.72000919900074,-113.53948192711819,-116.88330737392613,-116.57863093805365
39.760001772000585,-113.53948192711819,-116.88330737392613,-116.9895274291669
39.80000345600001,-114.01244028279008,-117.35626572959802,-117.29715974236292
39.840001770000534,-114.22436392372396,-117.5681893705319,-117.53266867078923
39.880001769000046,-114.45090341702448,-117.79472886383242,-117.69500899500501
39.92000395300056,-114.71702656924974,-118.06085201605768,-117.80792341680734
