sample,time_s,sensor,accel_x_mps2,accel_y_mps2,accel_z_mps2,gyro_x_radps,gyro_y_radps,gyro_z_radps,quat_i,quat_j,quat_k,quat_real,roll_deg,pitch_deg,yaw_deg
0,0.040056320001895074,bno085,-0.109375,0.890625,9.0234375,-0.271484375,-0.0546875,-0.033203125,-0.002685546875,-0.0010986328125,-0.0015869140625,1.0,-4.370234797345866e-09,1.0682796171289893e-08,-7.395781966257923e-09
1,0.08005539900113945,bno085,-0.03125,0.73828125,9.83203125,0.15625,-0.078125,-0.1171875,-0.00048828125,-0.0020751953125,-0.00360107421875,1.0,0.2519348405972969,-0.11037885052953941,-0.23162836901104844
2,0.12005483000029926,bno085,-0.1484375,0.2421875,9.79296875,0.388671875,-0.15625,0.17578125,-0.00048828125,-0.0020751953125,-0.00360107421875,1.0,0.2519348405972969,-0.11037885052953941,-0.23162836901104844
3,0.160055206000834,bno085,-0.453125,0.2421875,9.671875,0.265625,-0.017578125,-0.0859375,0.00628662109375,-0.00494384765625,-0.00128173828125,0.99993896484375,1.0287510355459533,-0.4393524236472179,0.028714647281071218
4,0.20005476600272232,bno085,-0.0703125,0.69921875,9.75390625,0.265625,-0.017578125,-0.0859375,0.01422119140625,-0.0064697265625,-0.002685546875,0.9998779296875,1.9390343821231766,-0.6098043880353298,-0.14003683223225835
5,0.2400550860002113,bno085,0.00390625,0.77734375,10.25390625,0.310546875,-0.044921875,-0.376953125,0.023193359375,-0.00823974609375,-0.011474609375,0.9996337890625,2.9738899276864506,-0.7808338149854358,-1.1592621067030795
6,0.280055942999752,bno085,0.08203125,0.73828125,10.63671875,0.056640625,-0.244140625,-0.146484375,0.02642822265625,-0.013916015625,-0.01593017578125,0.99945068359375,3.3585322727892546,-1.410328776382336,-1.6936019012697
7,0.32005587499952526,bno085,0.1953125,1.046875,9.9765625,0.193359375,-0.1015625,0.05859375,0.02642822265625,-0.013916015625,-0.01593017578125,0.99945068359375,3.3585322727892546,-1.410328776382336,-1.6936019012697
8,0.3600558239995735,bno085,0.08203125,1.2734375,10.09375,0.08984375,0.02734375,0.0,0.05914306640625,0.019287109375,0.181640625,0.98138427734375,7.40394751271749,0.9445395766637318,21.216806686819343
9,0.40005647799989674,bno085,0.16015625,1.3515625,9.8984375,0.318359375,-0.095703125,-0.044921875,0.05999755859375,0.02447509765625,0.2412109375,0.96832275390625,7.68616896250518,1.0233626078149949,28.232237422701928
10,0.44005544600076973,bno085,-0.03125,1.3125,9.5546875,0.318359375,-0.095703125,-0.044921875,0.06634521484375,0.0260009765625,0.2491455078125,0.9658203125,8.44353157272542,0.9439323199940169,29.185692412721018
11,0.48005526600172743,bno085,0.08203125,1.4296875,9.7109375,0.0078125,-0.068359375,0.091796875,0.06842041015625,0.025146484375,0.25048828125,0.96539306640625,8.6509865941205,0.7774516030575949,29.338393228610173
12,0.5200557339994702,bno085,0.04296875,1.50390625,9.48828125,0.22265625,-0.154296875,-0.107421875,0.06842041015625,0.025146484375,0.25048828125,0.96539306640625,8.6509865941205,0.7774516030575949,29.338393228610173
13,0.5600563500011049,bno085,0.00390625,1.4296875,9.90234375,0.30078125,-0.220703125,-0.00390625,0.07269287109375,0.02349853515625,0.24847412109375,0.96563720703125,9.077342971595007,0.49137218352130335,29.08639813573127
14,0.6000549480013433,bno085,0.1953125,1.50390625,10.25390625,0.30078125,-0.220703125,-0.00390625,0.07757568359375,0.022216796875,0.2708740234375,0.959228515625,9.584957132711297,-0.02008806792274282,31.72278033622981
15,0.6400562310009263,bno085,0.38671875,1.734375,10.05859375,0.0546875,-0.1328125,-0.025390625,0.08050537109375,0.01885986328125,0.2724609375,0.9586181640625,9.803645597002088,-0.49686484906679323,31.875863355963755
16,0.6800554399997054,bno085,0.46484375,1.734375,9.9375,-0.021484375,-0.072265625,-0.0625,0.08251953125,0.01708984375,0.27081298828125,0.95892333984375,9.972258127109246,-0.7367868411550346,31.66022786089577
17,0.7200543340004515,bno085,0.46484375,1.88671875,9.63671875,0.0625,0.05859375,-0.021484375,0.0838623046875,0.01751708984375,0.27081298828125,0.95880126953125,10.134218662175527,-0.7317734564881903,31.6636551502197
18,0.7600546730027418,bno085,0.3125,1.54296875,10.171875,0.0625,-0.142578125,0.0390625,0.0838623046875,0.01751708984375,0.27081298828125,0.95880126953125,10.134218662175527,-0.7317734564881903,31.6636551502197
19,0.8000569180003367,bno085,0.3515625,1.58203125,9.94140625,-0.0625,-0.013671875,0.01953125,0.0855712890625,0.01507568359375,0.27130126953125,0.95855712890625,10.247171876552779,-1.0584750610060998,31.694656976769846
20,0.8400551459999406,bno085,0.46484375,1.66015625,10.359375,-0.0625,-0.013671875,0.01953125,0.08428955078125,0.01318359375,0.2720947265625,0.95849609375,10.045695870359879,-1.2346898452320998,31.77150073110978
21,0.8800550030027807,bno085,0.42578125,1.390625,10.25390625,-0.453125,0.13671875,0.0078125,0.07464599609375,0.01177978515625,0.27313232421875,0.958984375,8.933331986877235,-1.0970702406842268,31.89162563968827
22,0.9200553600021522,bno085,0.3515625,1.08203125,10.015625,-0.005859375,-0.16015625,-0.0390625,0.07464599609375,0.00836181640625,0.27191162109375,0.95941162109375,8.829018405275432,-1.4609181101078854,31.717597932845564
23,0.9600544019995141,bno085,0.3125,1.0078125,9.83203125,-0.212890625,-0.041015625,-0.0390625,0.07464599609375,0.00836181640625,0.27191162109375,0.95941162109375,8.829018405275432,-1.4609181101078854,31.717597932845564
24,1.0000548330026504,bno085,0.38671875,0.9296875,9.25,-0.18359375,-0.021484375,-0.046875,0.07183837890625,0.00537109375,0.271484375,0.959716796875,8.426068212786078,-1.6982040124117828,31.644610191228658
25,1.0400540240007103,bno085,0.38671875,0.625,8.64453125,-0.18359375,-0.021484375,-0.046875,0.0665283203125,0.002685546875,0.2708740234375,0.9603271484375,7.757181791122241,-1.823092791306361,31.561412676414523
26,1.080055270002049,bno085,0.50390625,0.9296875,8.40625,-0.076171875,-0.06640625,-0.08203125,0.06524658203125,-0.0001220703125,0.268798828125,0.96099853515625,7.53344729920316,-2.075394993200667,31.296969983317467
27,1.1200548300002993,bno085,0.734375,1.3125,8.60546875,-0.29296875,-0.046875,-0.00390625,0.05999755859375,-0.00262451171875,0.26751708984375,0.961669921875,6.878813359774808,-2.179838815465437,31.13806680876931
28,1.1600564649997978,bno085,0.54296875,1.12109375,8.79296875,-0.205078125,-0.005859375,-0.044921875,0.05999755859375,-0.00262451171875,0.26751708984375,0.961669921875,6.878813359774808,-2.179838815465437,31.13806680876931
29,1.2000546740018763,bno085,0.65625,1.16015625,9.1328125,-0.171875,0.099609375,0.02734375,0.05511474609375,-0.00469970703125,0.2603759765625,0.96392822265625,6.292182945599097,-2.210104920826605,30.288859985012355
30,1.2400558830013324,bno085,0.54296875,0.77734375,10.13671875,-0.171875,0.099609375,0.02734375,0.05126953125,-0.0048828125,0.25946044921875,0.96435546875,5.862244308357671,-2.1098037169856934,30.186474185144217
31,1.2800584620017617,bno085,0.46484375,0.73828125,9.59765625,0.076171875,-0.08984375,0.017578125,0.05255126953125,-0.005859375,0.2593994140625,0.96429443359375,5.975714217703262,-2.2554373997865054,30.171286065150422
32,1.3200555969997367,bno085,0.50390625,0.81640625,9.8671875,0.0859375,0.041015625,-0.06640625,0.05328369140625,-0.00482177734375,0.2581787109375,0.964599609375,6.090388713414682,-2.154389532846213,30.03099373668525
33,1.3600566759996582,bno085,0.50390625,0.890625,9.828125,0.05859375,0.099609375,-0.0546875,0.05328369140625,-0.00482177734375,0.2581787109375,0.964599609375,6.090388713414682,-2.154389532846213,30.03099373668525
34,1.4000550890013983,bno085,0.3515625,0.69921875,9.9375,-0.041015625,0.16796875,-0.046875,0.05303955078125,-0.0035400390625,0.2462158203125,0.9677734375,6.125837747766695,-1.9258269480808237,28.62424075820512
35,1.4400555760003044,bno085,0.3515625,0.77734375,10.28125,-0.041015625,0.16796875,-0.046875,0.05169677734375,-0.0003662109375,0.2431640625,0.9686279296875,6.070291788860646,-1.5157818995117858,28.284656305879803
36,1.480054988001939,bno085,0.3515625,1.046875,9.44921875,0.13671875,-0.048828125,-0.07421875,0.05413818359375,-6.103515625e-05,0.24127197265625,0.96893310546875,6.3534712008044325,-1.536905138921988,28.058731053408653
37,1.5200555310002528,bno085,0.38671875,1.12109375,9.515625,0.029296875,-0.041015625,-0.08203125,0.0560302734375,-0.00091552734375,0.2391357421875,0.9693603515625,6.544613033528566,-1.6689724436963027,27.798734012967444
38,1.5600551280003856,bno085,0.3125,0.96875,9.515625,0.064453125,-0.103515625,-0.078125,0.0560302734375,-0.00091552734375,0.2391357421875,0.9693603515625,6.544613033528566,-1.6689724436963027,27.798734012967444
39,1.600054356000328,bno085,0.50390625,0.85546875,9.67578125,-0.001953125,-0.083984375,-0.08984375,0.05694580078125,-0.0029296875,0.23760986328125,0.96966552734375,6.594884853150676,-1.9069342089520667,27.604464373499507
40,1.640054842002428,bno085,0.65625,0.96875,9.59375,-0.001953125,-0.083984375,-0.08984375,0.05755615234375,-0.005126953125,0.23577880859375,0.9700927734375,6.607975592711948,-2.1547050873681406,27.37465980594703
41,1.6800549030012917,bno085,0.6953125,0.9296875,10.1328125,-0.083984375,0.017578125,0.001953125,0.056396484375,-0.00579833984375,0.2354736328125,0.97021484375,6.461147467603919,-2.195927052311679,27.33674747953857
42,1.720054371002334,bno085,0.80859375,1.08203125,9.828125,0.041015625,-0.0390625,-0.0625,0.05682373046875,-0.00653076171875,0.23419189453125,0.97052001953125,6.492480481380597,-2.2799315849312287,27.18112184172245
43,1.7600554320015362,bno085,0.80859375,1.16015625,9.9375,0.015625,0.00390625,0.01953125,0.05682373046875,-0.00653076171875,0.23419189453125,0.97052001953125,6.492480481380597,-2.2799315849312287,27.18112184172245
44,1.8000559930005693,bno085,0.65625,1.0078125,9.828125,0.03515625,0.0078125,-0.01171875,0.05694580078125,-0.00640869140625,0.234375,0.970458984375,6.508855680765556,-2.270900586426286,27.20288479962912
45,1.8400549800026056,bno085,0.6953125,1.08203125,9.94140625,0.03515625,0.0078125,-0.01171875,0.0572509765625,-0.0062255859375,0.23419189453125,0.970458984375,6.548051831589711,-2.25739726354347,27.181089063332916
46,1.880056448000687,bno085,0.50390625,0.96875,9.87109375,-0.017578125,0.01171875,0.033203125,0.05792236328125,-0.0064697265625,0.23443603515625,0.97039794921875,6.616231319571719,-2.3043305943609753,27.207812404883445
47,1.9200557680014754,bno085,0.46484375,0.9296875,9.7890625,0.015625,-0.04296875,0.015625,0.05792236328125,-0.007080078125,0.23480224609375,0.97027587890625,6.598916868339805,-2.374816100247711,27.246558527136127
48,1.9600549030001275,bno085,0.46484375,0.9296875,9.7109375,-0.064453125,0.029296875,0.0390625,0.05792236328125,-0.007080078125,0.23480224609375,0.97027587890625,6.598916868339805,-2.374816100247711,27.246558527136127
49,2.0000550000004296,bno085,0.38671875,0.81640625,9.828125,-0.109375,0.064453125,0.05859375,0.0557861328125,-0.00750732421875,0.2271728515625,0.97222900390625,6.367572490578269,-2.3125245096482465,26.351698037499272
50,2.0400550060003297,bno085,0.42578125,0.69921875,10.13671875,-0.109375,0.064453125,0.05859375,0.05322265625,-0.0074462890625,0.22222900390625,0.9735107421875,6.093724450381409,-2.2065247404459365,25.776812201426214
51,2.0800547520011605,bno085,0.50390625,0.9296875,9.59375,0.076171875,-0.060546875,-0.037109375,0.0531005859375,-0.0078125,0.22052001953125,0.97393798828125,6.074983147453956,-2.2331049139156085,25.575203566197025
52,2.1200548310007434,bno085,0.54296875,0.96875,9.98046875,-0.111328125,0.091796875,-0.01953125,0.0494384765625,-0.00665283203125,0.2203369140625,0.97418212890625,5.694221334423117,-2.010091023304239,25.56770337192412
53,2.1600537990016164,bno085,0.58203125,1.0078125,10.0546875,-0.064453125,-0.0078125,-0.0234375,0.0494384765625,-0.00665283203125,0.2203369140625,0.97418212890625,5.694221334423117,-2.010091023304239,25.56770337192412
54,2.200054952001665,bno085,0.50390625,0.85546875,10.05859375,-0.259765625,0.025390625,0.048828125,0.0487060546875,-0.00775146484375,0.21630859375,0.97509765625,5.593342869213835,-2.0898598374251387,25.090473193586682
55,2.2400558090012055,bno085,0.42578125,0.69921875,10.515625,-0.259765625,0.025390625,0.048828125,0.04498291015625,-0.00921630859375,0.216064453125,0.97528076171875,5.140414045042592,-2.160069826070053,25.061671091044033
56,2.2800557959999423,bno085,0.38671875,0.625,10.13671875,-0.0546875,-0.0859375,0.00390625,0.04290771484375,-0.01141357421875,0.2159423828125,0.97540283203125,4.854349570895694,-2.3538547338455618,25.042726570766835
57,2.3200556350020634,bno085,0.38671875,0.6640625,10.25390625,-0.107421875,0.013671875,-0.033203125,0.03973388671875,-0.01165771484375,0.21539306640625,0.97564697265625,4.4939180452096785,-2.300048533746348,24.984363024270277
58,2.36005504700006,bno085,0.3125,0.546875,9.90234375,-0.283203125,0.107421875,0.037109375,0.03973388671875,-0.01165771484375,0.21539306640625,0.97564697265625,4.4939180452096785,-2.300048533746348,24.984363024270277
59,2.400054589001229,bno085,0.3125,0.35546875,9.75,-0.02734375,0.056640625,-0.05859375,0.03369140625,-0.01123046875,0.21588134765625,0.97576904296875,3.826212532226864,-2.1054540374509423,25.05631367837161
60,2.440054984002927,bno085,0.54296875,0.6640625,9.515625,-0.02734375,0.056640625,-0.05859375,0.0323486328125,-0.010009765625,0.214599609375,0.97613525390625,3.7084520927775895,-1.9304732387326016,24.91321990876888
61,2.4800543780002045,bno085,0.58203125,0.43359375,9.515625,0.05859375,-0.02734375,-0.05078125,0.03314208984375,-0.01025390625,0.21258544921875,0.97650146484375,3.7953085855349378,-1.9687096252458742,24.673639833181507
62,2.520054753000295,bno085,0.6171875,0.546875,9.79296875,0.029296875,-0.12890625,-0.078125,0.03326416015625,-0.01177978515625,0.21063232421875,0.9769287109375,3.776461396860896,-2.134312216383501,24.439916561096833
63,2.5600551839997934,bno085,0.734375,0.5859375,9.9375,0.05078125,-0.16796875,-0.048828125,0.03326416015625,-0.01177978515625,0.21063232421875,0.9769287109375,3.776461396860896,-2.134312216383501,24.439916561096833
64,2.600055060000159,bno085,0.734375,0.6640625,9.7109375,-0.140625,-0.037109375,-0.025390625,0.03424072265625,-0.014892578125,0.20916748046875,0.9771728515625,3.8152279747705653,-2.5002600885955135,24.256066711183262
65,2.640055064999615,bno085,0.734375,0.69921875,10.21484375,-0.140625,-0.037109375,-0.025390625,0.0328369140625,-0.0179443359375,0.201171875,0.97882080078125,3.6079248399309796,-2.776472216748032,23.313569852756704
66,2.6800551070009533,bno085,0.6953125,0.6640625,10.09765625,-0.111328125,-0.17578125,0.05859375,0.03131103515625,-0.0230712890625,0.20050048828125,0.97894287109375,3.321701202093871,-3.3145387249726324,23.22692893405003
67,2.7200565570019535,bno085,0.58203125,0.28125,9.48828125,-0.03125,-0.22265625,0.013671875,0.03082275390625,-0.02825927734375,0.20062255859375,0.978759765625,3.1481426623531914,-3.8863002132563693,23.23082236854221
68,2.760055488000944,bno085,0.6171875,0.28125,9.59375,-0.07421875,-0.03515625,-0.1171875,0.03082275390625,-0.02825927734375,0.20062255859375,0.978759765625,3.1481426623531914,-3.8863002132563693,23.23082236854221
69,2.800055234001775,bno085,0.734375,0.35546875,9.21484375,-0.12109375,0.0703125,-0.064453125,0.0294189453125,-0.02978515625,0.1983642578125,0.979248046875,2.9648378585399158,-4.018021068845622,22.969558864001332
70,2.8400559430010617,bno085,0.80859375,0.43359375,9.40625,-0.12109375,0.0703125,-0.064453125,0.02783203125,-0.02984619140625,0.19110107421875,0.980712890625,2.814225717977882,-3.9656292699890705,22.12538353714744
71,2.8800553180008137,bno085,0.65625,0.35546875,9.41015625,0.0859375,0.013671875,-0.046875,0.028564453125,-0.029052734375,0.1885986328125,0.981201171875,2.9239214986354436,-3.8840385512314857,21.831504653230585
72,2.9200544160012214,bno085,0.734375,0.43359375,9.7109375,0.080078125,0.021484375,-0.0546875,0.0294189453125,-0.027587890625,0.18743896484375,0.9814453125,3.0560526684080394,-3.7335432720752455,21.695769868950595
73,2.960054922001291,bno085,0.6953125,0.31640625,9.55859375,0.0703125,0.041015625,-0.056640625,0.0294189453125,-0.027587890625,0.18743896484375,0.9814453125,3.0560526684080394,-3.7335432720752455,21.695769868950595
74,3.000054723001085,bno085,0.734375,0.47265625,9.515625,0.056640625,0.0859375,-0.0625,0.03045654296875,-0.0260009765625,0.18634033203125,0.981689453125,3.2108919938541143,-3.573177971174748,21.567618030900874
75,3.040054321001662,bno085,0.7734375,0.43359375,9.67578125,0.056640625,0.0859375,-0.0625,0.03106689453125,-0.02410888671875,0.1795654296875,0.98297119140625,3.3427930775517805,-3.347805079179859,20.779475889834515
76,3.080055993003043,bno085,0.7734375,0.546875,9.75390625,0.04296875,0.048828125,-0.099609375,0.03228759765625,-0.02349853515625,0.1761474609375,0.98358154296875,3.504561454664393,-3.290754023592552,20.379052352486713
77,3.120054164999601,bno085,0.92578125,0.5859375,9.55859375,0.01171875,-0.220703125,-0.087890625,0.03485107421875,-0.02789306640625,0.173828125,0.9837646484375,3.7157429351325684,-3.828495929124569,20.08723889185755
78,3.1600543550011935,bno085,0.88671875,0.47265625,9.9375,0.052734375,-0.11328125,-0.009765625,0.03485107421875,-0.02789306640625,0.173828125,0.9837646484375,3.7157429351325684,-3.828495929124569,20.08723889185755
79,3.2000554530022782,bno085,0.84765625,0.546875,10.01953125,0.125,-0.08984375,-0.0390625,0.036376953125,-0.0308837890625,0.16656494140625,0.98486328125,3.860433709582304,-4.165507151037369,19.226909149019704
80,3.2400567360018613,bno085,0.84765625,0.5859375,9.8984375,0.125,-0.08984375,-0.0390625,0.03753662109375,-0.0330810546875,0.1602783203125,0.98577880859375,3.978714055994535,-4.408448533942861,18.4841239819013
81,3.280055278002692,bno085,0.7734375,0.5078125,9.8671875,-0.00390625,0.0078125,-0.025390625,0.03717041015625,-0.03326416015625,0.15887451171875,0.98602294921875,3.9401649216940036,-4.416446349819982,18.32215084963919
82,3.3200548570021056,bno085,0.80859375,0.5078125,9.9375,-0.048828125,0.029296875,-0.068359375,0.03631591796875,-0.03277587890625,0.15771484375,0.98626708984375,3.8570270120394294,-4.340837739713396,18.192665518988466
83,3.3600543989996368,bno085,0.80859375,0.546875,9.87109375,0.0390625,0.005859375,-0.1015625,0.03631591796875,-0.03277587890625,0.15771484375,0.98626708984375,3.8570270120394294,-4.340837739713396,18.192665518988466
84,3.400054738001927,bno085,0.88671875,0.5078125,9.8984375,-0.044921875,-0.08984375,-0.072265625,0.0382080078125,-0.03277587890625,0.15509033203125,0.98663330078125,4.083434416683617,-4.363177310978379,17.87988536680953
85,3.44005602100151,bno085,0.96484375,0.5859375,10.171875,-0.044921875,-0.08984375,-0.072265625,0.03839111328125,-0.03515625,0.14849853515625,0.987548828125,4.093480140049055,-4.6065433486931635,17.106080840873997
86,3.4800543599994853,bno085,1.078125,0.73828125,10.40234375,0.0625,-0.064453125,-0.126953125,0.0399169921875,-0.037353515625,0.14495849609375,0.9879150390625,4.247816522379059,-4.86498776986299,16.680775058699393
87,3.520054180000443,bno085,1.0,0.5078125,10.05859375,-0.08203125,0.046875,-0.115234375,0.039306640625,-0.0380859375,0.14208984375,0.98834228515625,4.18079317192781,-4.925020636577526,16.348829891555518
88,3.56005401800212,bno085,1.1171875,0.69921875,10.21484375,-0.05859375,-0.01171875,-0.099609375,0.039306640625,-0.0380859375,0.14208984375,0.98834228515625,4.18079317192781,-4.925020636577526,16.348829891555518
89,3.6000544859998627,bno085,1.0390625,0.47265625,10.13671875,-0.0234375,0.021484375,-0.09375,0.03790283203125,-0.03826904296875,0.13922119140625,0.98876953125,4.032100269570346,-4.91038343970714,16.022028713036487
90,3.6400551950027875,bno085,0.92578125,0.35546875,10.13671875,-0.0234375,0.021484375,-0.09375,0.03704833984375,-0.0379638671875,0.1329345703125,0.98968505859375,3.970119875673149,-4.835034068023282,15.298625493736296
91,3.6800573479995364,bno085,0.84765625,0.43359375,10.21484375,0.001953125,0.025390625,-0.064453125,0.03558349609375,-0.0369873046875,0.13018798828125,0.99017333984375,3.8307046630849846,-4.690561316344709,14.990952416105625
92,3.720056206002482,bno085,0.80859375,0.43359375,10.1328125,-0.044921875,0.052734375,-0.103515625,0.034912109375,-0.03643798828125,0.12786865234375,0.990478515625,3.7726890981374903,-4.608421805399685,14.726627317380451
93,3.760057876999781,bno085,0.734375,0.31640625,10.09765625,-0.087890625,-0.025390625,-0.08203125,0.034912109375,-0.03643798828125,0.12786865234375,0.990478515625,3.7726890981374903,-4.608421805399685,14.726627317380451
94,3.800057975000527,bno085,0.96484375,0.5859375,9.71484375,-0.013671875,-0.068359375,-0.0546875,0.03387451171875,-0.0374755859375,0.1214599609375,0.9913330078125,3.669869892500361,-4.685803938130077,13.987634592897297
95,3.840057479999814,bno085,0.92578125,0.625,10.01953125,-0.013671875,-0.068359375,-0.0546875,0.03314208984375,-0.03875732421875,0.1151123046875,0.9920654296875,3.599402347100359,-4.796551032751279,13.253464819722165
96,3.880058134000137,bno085,0.92578125,0.69921875,10.171875,-0.04296875,-0.01953125,-0.046875,0.0311279296875,-0.039306640625,0.11328125,0.9923095703125,3.371102366899563,-4.825943579828374,13.049972109313138
97,3.9200563430022157,bno085,0.96484375,0.47265625,9.40625,-0.091796875,-0.015625,-0.0078125,0.03045654296875,-0.040771484375,0.1131591796875,0.99224853515625,3.276394502490339,-4.983593870893724,13.034964263065238
98,3.960058218002814,bno085,0.92578125,0.546875,9.75390625,-0.04296875,0.076171875,-0.048828125,0.03045654296875,-0.040771484375,0.1131591796875,0.99224853515625,3.276394502490339,-4.983593870893724,13.034964263065238
99,4.000057463999838,bno085,0.84765625,0.546875,9.55859375,0.185546875,-0.19140625,0.01953125,0.0296630859375,-0.03955078125,0.11212158203125,0.99249267578125,3.2063341912910577,-4.830868439050725,12.922672600162405
100,4.040056895002635,bno085,0.92578125,0.5859375,8.56640625,0.185546875,-0.19140625,0.01953125,0.0322265625,-0.0418701171875,0.10882568359375,0.99267578125,3.4871207589258395,-5.115112211366437,12.522742059996808
101,4.080058641000505,bno085,1.0390625,0.5859375,9.1328125,-0.2109375,0.056640625,-0.00390625,0.0281982421875,-0.04254150390625,0.10882568359375,0.99273681640625,3.0183430397914286,-5.1417649660820395,12.541559689940508
102,4.120056998002838,bno085,1.0,0.43359375,8.828125,-0.123046875,-0.12109375,0.021484375,0.02496337890625,-0.04638671875,0.10882568359375,0.99267578125,2.601829565775674,-5.540359547669828,12.551640907842446
103,4.160057133001828,bno085,1.15625,0.43359375,9.328125,-0.306640625,-0.080078125,0.044921875,0.02496337890625,-0.04638671875,0.10882568359375,0.99267578125,2.601829565775674,-5.540359547669828,12.551640907842446
104,4.200058138001623,bno085,1.15625,0.31640625,9.29296875,-0.1171875,-0.0234375,0.0703125,0.018798828125,-0.048828125,0.10906982421875,0.99267578125,1.8655800494264188,-5.743072769567892,12.611799252610483
105,4.240058662002411,bno085,0.96484375,0.1640625,9.48828125,-0.1171875,-0.0234375,0.0703125,0.01605224609375,-0.0496826171875,0.107177734375,0.99285888671875,1.5518479258093487,-5.802658109671553,12.407880013144633
106,4.280058203999943,bno085,0.84765625,0.125,9.8984375,-0.037109375,0.03515625,0.037109375,0.014892578125,-0.04931640625,0.10748291015625,0.99285888671875,1.4218779963951218,-5.747223819534957,12.450114846415795
107,4.320059080000647,bno085,0.88671875,0.203125,9.98046875,0.013671875,0.017578125,0.044921875,0.01416015625,-0.04840087890625,0.10833740234375,0.99285888671875,1.3445142645540384,-5.635452097288071,12.554061143300308
108,4.360057604000758,bno085,0.7734375,-0.06640625,10.09765625,-0.013671875,0.138671875,-0.013671875,0.01416015625,-0.04840087890625,0.10833740234375,0.99285888671875,1.3445142645540384,-5.635452097288071,12.554061143300308
109,4.400060035000934,bno085,0.88671875,-0.02734375,9.87109375,0.017578125,0.138671875,-0.052734375,0.013671875,-0.04522705078125,0.10809326171875,0.9930419921875,1.3289922895876187,-5.267015959304803,12.530049350676034
110,4.440059132000897,bno085,0.92578125,-0.06640625,9.79296875,0.017578125,0.138671875,-0.052734375,0.01361083984375,-0.04144287109375,0.103515625,0.99365234375,1.3904067301672003,-4.8266493462142135,12.003186894638967
111,4.480058027002087,bno085,0.96484375,-0.140625,9.484375,-0.279296875,0.404296875,-0.17578125,0.00616455078125,-0.03265380859375,0.0986328125,0.99456787109375,0.6614904026982885,-3.731366510500465,11.476462012813492
112,4.520057532001374,bno085,0.6171875,-0.10546875,10.32421875,-0.23046875,0.3125,-0.0859375,-0.0029296875,-0.02313232421875,0.09588623046875,0.9951171875,-0.26231174328485557,-2.5422679279398275,11.188218525105393
113,4.560059833002015,bno085,0.6171875,-0.10546875,10.28125,0.03125,-0.07421875,0.021484375,-0.0029296875,-0.02313232421875,0.09588623046875,0.9951171875,-0.26231174328485557,-2.5422679279398275,11.188218525105393
114,4.600057653002295,bno085,0.6171875,-0.2578125,9.67578125,-0.232421875,-0.01171875,-0.025390625,-0.00128173828125,-0.02490234375,0.09686279296875,0.9949951171875,-0.09632765570407173,-2.7625924212930233,11.297020084397884
115,4.640059325000038,bno085,0.80859375,0.05078125,9.828125,-0.232421875,-0.01171875,-0.025390625,-0.0018310546875,-0.0283203125,0.09381103515625,0.99517822265625,-0.18760707733683996,-3.1459962178667045,10.948214685195406
116,4.680059479000192,bno085,0.6953125,-0.140625,9.9375,0.005859375,-0.14453125,0.025390625,-0.00213623046875,-0.03192138671875,0.093505859375,0.9951171875,-0.2602534314373899,-3.5537801095205563,10.916264188676516
117,4.720057873000769,bno085,0.46484375,-0.296875,10.55859375,0.111328125,-0.197265625,-0.07421875,-0.00152587890625,-0.03466796875,0.09246826171875,0.9951171875,-0.21608987919674122,-3.873718836749903,10.795985804741058
118,4.760058081999887,bno085,0.734375,-0.06640625,9.71484375,-0.197265625,-0.107421875,0.013671875,-0.00341796875,-0.0394287109375,0.09234619140625,0.99493408203125,-0.48264549121455075,-4.3971719070529005,10.793614388630889
119,4.80006008700002,bno085,0.65625,-0.44921875,9.75390625,-0.123046875,-0.10546875,-0.021484375,-0.00341796875,-0.0394287109375,0.09234619140625,0.99493408203125,-0.48264549121455075,-4.3971719070529005,10.793614388630889
120,4.84005853599956,bno085,0.84765625,-0.1796875,10.40234375,-0.123046875,-0.10546875,-0.021484375,-0.00494384765625,-0.04339599609375,0.08941650390625,0.99505615234375,-0.6855494974612596,-4.835229280515852,10.467572263526923
121,4.880058486000053,bno085,0.6953125,-0.296875,10.05859375,0.205078125,-0.259765625,-0.037109375,-0.000732421875,-0.0477294921875,0.087646484375,0.9949951171875,-0.23885026557702255,-5.37327262390776,10.245783025115134
122,4.920059658001264,bno085,1.0390625,0.1640625,9.67578125,0.15625,0.0078125,-0.271484375,0.00335693359375,-0.0479736328125,0.08209228515625,0.9954833984375,0.2571270440763024,-5.439289055344631,9.5828628277827
123,4.960059256001841,bno085,1.0390625,0.0859375,9.9375,0.19140625,0.109375,-0.017578125,0.00335693359375,-0.0479736328125,0.08209228515625,0.9954833984375,0.2571270440763024,-5.439289055344631,9.5828628277827
124,5.000059853002313,bno085,0.734375,-0.33203125,10.28515625,0.119140625,0.265625,-0.1171875,0.00775146484375,-0.0452880859375,0.08099365234375,0.99566650390625,0.791493650138463,-5.172223335558289,9.432264269800598
125,5.040058525002678,bno085,0.92578125,0.1640625,9.828125,0.23046875,0.28515625,-0.197265625,0.01141357421875,-0.03955078125,0.0765380859375,0.9962158203125,1.2836789791914356,-4.542958056758898,8.903896335868405
126,5.080059345000336,bno085,0.7734375,-0.02734375,9.67578125,0.23046875,0.28515625,-0.197265625,0.01580810546875,-0.03106689453125,0.07000732421875,0.9969482421875,1.8831393777672123,-3.5970041874354552,8.145047075429572
127,5.120058443000744,bno085,0.58203125,0.01171875,10.17578125,0.087890625,0.32421875,-0.158203125,0.0177001953125,-0.023193359375,0.06585693359375,0.99737548828125,2.172494685842888,-2.701336894894273,7.676572654092963
128,5.160060189002252,bno085,0.65625,0.43359375,9.7109375,-0.017578125,0.02734375,-0.115234375,0.0177001953125,-0.023193359375,0.06585693359375,0.99737548828125,2.172494685842888,-2.701336894894273,7.676572654092963
129,5.2000572500001,bno085,0.46484375,0.1640625,10.09765625,-0.076171875,-0.083984375,-0.111328125,0.0162353515625,-0.02191162109375,0.0631103515625,0.99761962890625,2.0211203850690964,-2.5373784801017383,7.367771779031591
130,5.2400601440022,bno085,0.50390625,0.2421875,10.015625,-0.076171875,-0.083984375,-0.111328125,0.0142822265625,-0.023681640625,0.056884765625,0.99798583984375,1.8013928576315117,-2.7126173158184153,6.654658739780892
131,5.280059853001148,bno085,0.6171875,0.5078125,10.09375,-0.08984375,-0.15234375,-0.091796875,0.01220703125,-0.02764892578125,0.0535888671875,0.99810791015625,1.5484716862686847,-3.1470681095982593,6.275889471878014
132,5.320059080000647,bno085,0.6171875,0.203125,9.8671875,-0.115234375,-0.232421875,-0.072265625,0.0103759765625,-0.0338134765625,0.0494384765625,0.9981689453125,1.3171432588373484,-3.834893131859149,5.797190655312306
133,5.360058456000843,bno085,0.6171875,-0.06640625,9.71484375,-0.130859375,-0.046875,-0.15234375,0.0103759765625,-0.0338134765625,0.0494384765625,0.9981689453125,1.3171432588373484,-3.834893131859149,5.797190655312306
134,5.400061276002816,bno085,0.84765625,0.0859375,9.79296875,0.08203125,-0.021484375,-0.201171875,0.0081787109375,-0.0362548828125,0.04547119140625,0.998291015625,1.0675616837255086,-4.096655328697636,5.347495266337169
135,5.440059743999882,bno085,0.6171875,-0.44921875,9.87109375,0.08203125,-0.021484375,-0.201171875,0.00823974609375,-0.03668212890625,0.040283203125,0.99847412109375,1.0934034067385914,-4.138535041666135,4.750532517173133
136,5.480058323002595,bno085,0.92578125,0.73828125,9.328125,0.24609375,0.1640625,-0.306640625,0.0130615234375,-0.03350830078125,0.03314208984375,0.998779296875,1.6871224105089484,-3.782637140228173,3.9150348605609273
137,5.520057551002537,bno085,0.6953125,0.28125,9.13671875,0.19140625,0.34375,0.017578125,0.0185546875,-0.02557373046875,0.03326416015625,0.99896240234375,2.345636164320772,-2.894609196178103,3.9269186186352383
138,5.560058167000534,bno085,0.12109375,-0.37109375,8.83203125,-0.1484375,0.626953125,-0.2265625,0.0185546875,-0.02557373046875,0.03326416015625,0.99896240234375,2.345636164320772,-2.894609196178103,3.9269186186352383
139,5.600057394000032,bno085,0.12109375,0.73828125,9.83203125,0.28125,0.451171875,0.08203125,0.01934814453125,-0.0111083984375,0.0302734375,0.999267578125,2.4930880535562285,-1.2325431690921103,3.6197067361550763
140,5.640058307002619,bno085,-0.109375,0.0859375,8.64453125,0.28125,0.451171875,0.08203125,0.0233154296875,0.0020751953125,0.02911376953125,0.99932861328125,2.99259761838074,0.26709733780732525,3.524424626290152
141,5.68005794200144,bno085,-0.1484375,0.35546875,8.60546875,0.466796875,0.474609375,-0.125,0.0316162109375,0.01275634765625,0.02716064453125,0.9990234375,3.9771310061750995,1.4702992404496102,3.347668969627775
142,5.720059354000114,bno085,-0.0703125,1.08203125,9.59375,-0.216796875,0.099609375,0.05078125,0.02728271484375,0.0162353515625,0.0272216796875,0.9991455078125,3.4920687846214284,1.8821779060111619,3.3624876315744427
143,5.760058545001812,bno085,-0.22265625,0.28125,9.40625,-0.2109375,-0.04296875,0.013671875,0.02728271484375,0.0162353515625,0.0272216796875,0.9991455078125,3.4920687846214284,1.8821779060111619,3.3624876315744427
144,5.800059328001225,bno085,-0.26171875,0.5859375,10.09375,-0.056640625,-0.189453125,-0.0078125,0.02490234375,0.0135498046875,0.027587890625,0.99920654296875,3.2109424725797053,1.5808958735728824,3.390448613226494
145,5.840058129000681,bno085,-0.03125,0.28125,9.671875,-0.056640625,-0.189453125,-0.0078125,0.0234375,0.0093994140625,0.02459716796875,0.9993896484375,3.025872799412694,1.120385279701992,3.031445570729682
146,5.880056023001089,bno085,0.08203125,0.35546875,9.9765625,-0.236328125,-0.248046875,0.041015625,0.0169677734375,0.0045166015625,0.02337646484375,0.99957275390625,2.2695778835096774,0.5827183707804795,2.872193402598293
147,5.920056936000037,bno085,0.00390625,0.5078125,9.98046875,0.19140625,-0.28515625,0.126953125,0.01690673828125,-0.0013427734375,0.02508544921875,0.99951171875,2.2467813682026865,-0.09257252407600537,3.0528370398298366
148,5.960056849002285,bno085,0.1953125,0.6640625,10.28125,0.16796875,-0.119140625,-0.005859375,0.01690673828125,-0.0013427734375,0.02508544921875,0.99951171875,2.2467813682026865,-0.09257252407600537,3.0528370398298366
149,6.000057817000197,bno085,0.234375,0.6640625,9.8671875,-0.12109375,0.0,0.009765625,0.022705078125,-0.0052490234375,0.025390625,0.9993896484375,2.8999022090531517,-0.5575034180458184,3.0740412441126543
150,6.040057266000076,bno085,0.08203125,0.39453125,10.515625,-0.12109375,0.0,0.009765625,0.0233154296875,-0.00689697265625,0.02362060546875,0.99945068359375,2.9663683268967205,-0.7422020862172154,2.865576324459032
151,6.080058457002451,bno085,-0.03125,0.01171875,10.17578125,0.0703125,-0.017578125,0.08203125,0.01898193359375,-0.0048828125,0.0230712890625,0.99951171875,2.475223385263665,-0.49831484882254706,2.8117580395791832
152,6.120056998999644,bno085,0.00390625,0.05078125,10.13671875,0.28125,0.095703125,-0.056640625,0.022705078125,-0.00164794921875,0.02166748046875,0.99951171875,2.910439076903605,-0.13314731268141106,2.659020944579551
153,6.160059393001575,bno085,0.08203125,0.546875,10.8203125,0.169921875,0.1796875,-0.08203125,0.0291748046875,0.00225830078125,0.019287109375,0.9993896484375,3.6606286112125077,0.30754126812545723,2.400123932046093
154,6.200057121001009,bno085,-0.0703125,0.35546875,10.09765625,-0.220703125,0.140625,-0.103515625,0.0291748046875,0.00225830078125,0.019287109375,0.9993896484375,3.6606286112125077,0.30754126812545723,2.400123932046093
155,6.2400597740015655,bno085,-0.0703125,0.5078125,10.40234375,-0.220703125,0.140625,-0.103515625,0.02655029296875,0.00506591796875,0.01531982421875,0.99951171875,3.36311159354838,0.6494502390127254,1.9555033248812124
156,6.280059112999879,bno085,0.3515625,0.77734375,10.44140625,0.044921875,-0.13671875,-0.154296875,0.0252685546875,0.0032958984375,0.01141357421875,0.9996337890625,3.2108574438673663,0.4627864702711253,1.5011415642230073
157,6.320058970002719,bno085,0.58203125,0.5859375,9.0625,0.974609375,-0.599609375,0.271484375,0.03857421875,-0.00665283203125,0.01483154296875,0.9991455078125,4.721495909837312,-0.7108999512037595,1.8467876885953813
158,6.360058234000462,bno085,0.00390625,0.5078125,10.09765625,0.86328125,-0.93359375,0.08984375,0.05322265625,-0.022705078125,0.0174560546875,0.9981689453125,6.372484544877242,-2.5891310392082056,2.028010528888429
159,6.400057164999453,bno085,0.92578125,1.50390625,9.59375,-0.20703125,-0.57421875,-0.01953125,0.05322265625,-0.022705078125,0.0174560546875,0.9981689453125,6.372484544877242,-2.5891310392082056,2.028010528888429
160,6.440056059000199,bno085,0.65625,0.69921875,9.94140625,-0.724609375,-0.310546875,-0.029296875,0.044921875,-0.035888671875,0.01617431640625,0.99822998046875,5.404602884892026,-4.075818795616361,1.829459067028216
161,6.480056972002785,bno085,0.734375,0.47265625,9.94140625,-0.724609375,-0.310546875,-0.029296875,0.02899169921875,-0.04486083984375,0.0140380859375,0.99847412109375,3.572334548438093,-5.068969639319789,1.6172437783643765
162,6.520057218000147,bno085,0.6953125,0.203125,10.25390625,-0.4140625,-0.578125,-0.146484375,0.01904296875,-0.05731201171875,0.010498046875,0.99810791015625,2.435861858221062,-6.472831956620931,1.2291959529879661
163,6.560057242000767,bno085,1.1171875,0.39453125,9.75,-0.013671875,-0.4609375,-0.03125,0.0198974609375,-0.06884765625,0.00848388671875,0.99737548828125,2.5415392286680385,-7.792034143753426,0.9596336361778353
164,6.600056562001555,bno085,1.34765625,0.6640625,9.48828125,-0.26953125,0.15234375,-0.095703125,0.0198974609375,-0.06884765625,0.00848388671875,0.99737548828125,2.5415392286680385,-7.792034143753426,0.9596336361778353
165,6.640058270000736,bno085,1.0,0.05078125,9.51953125,-0.115234375,0.30078125,-0.3671875,0.01092529296875,-0.06732177734375,0.004150390625,0.9976806640625,1.539799543413161,-7.601794148670656,0.5340943220245923
166,6.680057405003026,bno085,1.078125,0.203125,8.90625,-0.115234375,0.30078125,-0.3671875,0.006103515625,-0.06097412109375,-0.00372314453125,0.99810791015625,1.038654056258789,-6.860573166891644,-0.3274105437230946
167,6.7200565400016785,bno085,0.84765625,-0.41015625,8.83203125,-0.3515625,0.166015625,-0.0859375,-0.00347900390625,-0.0556640625,-0.00750732421875,0.9984130859375,-0.04443386982392773,-6.254699209951957,-0.6940155166497763
168,6.760058433999802,bno085,1.15625,0.0859375,9.25,-0.1484375,0.1875,-0.083984375,-0.00555419921875,-0.05303955078125,-0.009765625,0.99853515625,-0.27229510302983023,-5.955311247955153,-0.9402403587754875
169,6.8000594950026425,bno085,1.0390625,0.2421875,9.6328125,0.052734375,-0.037109375,0.07421875,-0.00555419921875,-0.05303955078125,-0.009765625,0.99853515625,-0.27229510302983023,-5.955311247955153,-0.9402403587754875
170,6.840058648002014,bno085,1.26953125,0.125,9.90234375,0.337890625,-0.150390625,0.09375,-0.00225830078125,-0.05462646484375,-0.00885009765625,0.99847412109375,0.10324865306161876,-6.134071749493341,-0.8558665758335792
171,6.880059393999545,bno085,1.1171875,-0.6796875,10.515625,0.337890625,-0.150390625,0.09375,0.00494384765625,-0.0572509765625,-0.007568359375,0.998291015625,0.9271340562886139,-6.428956503935054,-0.7571489993270419
172,6.920059307001793,bno085,1.421875,0.125,10.015625,0.892578125,-0.388671875,0.29296875,0.02410888671875,-0.0655517578125,0.0006103515625,0.99755859375,3.0865520550361554,-7.390449197127612,0.029306670026561947
173,6.960059053002624,bno085,1.26953125,0.69921875,9.4453125,-0.298828125,0.029296875,0.23828125,0.0224609375,-0.0665283203125,0.00775146484375,0.99749755859375,2.843816395843648,-7.525509826971699,0.8618640694448005
174,7.000058891000663,bno085,1.23046875,0.5859375,10.44140625,0.07421875,0.109375,-0.05078125,0.0224609375,-0.0665283203125,0.00775146484375,0.99749755859375,2.843816395843648,-7.525509826971699,0.8618640694448005
175,7.040059119000944,bno085,1.1171875,0.31640625,9.87109375,0.431640625,0.080078125,-0.046875,0.02587890625,-0.0643310546875,0.00579833984375,0.99755859375,3.25271939702641,-7.268529609243686,0.618114889402327
176,7.080057568000484,bno085,0.6953125,0.546875,9.9375,0.431640625,0.080078125,-0.046875,0.03411865234375,-0.0618896484375,0.00433349609375,0.99749755859375,4.212991573888025,-6.985319436349267,0.39904871784303125
177,7.120058185002563,bno085,0.84765625,0.5859375,10.09765625,0.091796875,0.28125,-0.18359375,0.0350341796875,-0.05438232421875,-0.00042724609375,0.9979248046875,4.345202160654345,-6.1024324076047805,-0.12012077436661434
178,7.160056949000136,bno085,0.80859375,0.5078125,10.3203125,0.3046875,0.3046875,-0.27734375,0.044677734375,-0.04644775390625,-0.00689697265625,0.9979248046875,5.4816397575612985,-5.152646624565589,-0.8769895240768544
179,7.200059899001644,bno085,0.84765625,0.73828125,10.515625,-0.103515625,0.169921875,-0.013671875,0.044677734375,-0.04644775390625,-0.00689697265625,0.9979248046875,5.4816397575612985,-5.152646624565589,-0.8769895240768544
180,7.2400596820007195,bno085,0.84765625,0.35546875,9.2890625,0.09375,0.095703125,-0.2109375,0.045166015625,-0.041748046875,-0.00927734375,0.998046875,5.54106510694708,-4.59966360408647,-1.124623198253018
181,7.280059038999752,bno085,0.734375,0.77734375,10.05859375,0.09375,0.095703125,-0.2109375,0.0435791015625,-0.03802490234375,-0.01458740234375,0.99822998046875,5.373750570138046,-4.145338214041459,-1.7045722739615803
182,7.320057100001577,bno085,0.50390625,0.73828125,10.78125,0.8359375,-0.013671875,-0.10546875,0.06036376953125,-0.0374755859375,-0.01788330078125,0.997314453125,7.314722648618028,-4.025039822853458,-2.149525077428865
183,7.360056659999827,bno085,0.6953125,0.96875,10.015625,0.005859375,0.0859375,0.03125,0.06256103515625,-0.03564453125,-0.01751708984375,0.99725341796875,7.560839338467372,-3.813370131149547,-2.101991925215635
184,7.400057721002668,bno085,0.46484375,1.3125,10.515625,-0.017578125,-0.06640625,0.068359375,0.06256103515625,-0.03564453125,-0.01751708984375,0.99725341796875,7.560839338467372,-3.813370131149547,-2.101991925215635
185,7.440057040999818,bno085,0.2734375,1.046875,10.63671875,-0.07421875,-0.177734375,-0.00390625,0.061767578125,-0.0367431640625,-0.01666259765625,0.99725341796875,7.469272130259866,-3.947379272875842,-2.0096682032183755
186,7.480057269000099,bno085,0.50390625,1.58203125,10.25390625,-0.07421875,-0.177734375,-0.00390625,0.06085205078125,-0.0411376953125,-0.016845703125,0.99713134765625,7.376871969339026,-4.450645105706009,-2.061448249759294
187,7.520057033001649,bno085,0.3125,1.4296875,10.6328125,0.078125,-0.11328125,0.083984375,0.06402587890625,-0.044677734375,-0.01513671875,0.996826171875,7.744464486381562,-4.862235143479045,-1.909434281085842
188,7.560067112000979,bno085,0.3515625,1.0078125,10.09765625,-0.0625,-0.001953125,0.0546875,0.06304931640625,-0.04510498046875,-0.013916015625,0.99688720703125,7.627404440311556,-4.922847111088096,-1.768082561931321
189,7.6000723950019164,bno085,0.3515625,1.2734375,10.4375,0.03125,-0.021484375,0.00390625,0.06304931640625,-0.04510498046875,-0.013916015625,0.99688720703125,7.627404440311556,-4.922847111088096,-1.768082561931321
190,7.640064715000335,bno085,0.54296875,1.0078125,9.98046875,-0.052734375,0.064453125,-0.107421875,0.06201171875,-0.04461669921875,-0.0146484375,0.9969482421875,7.5100265225349485,-4.863207300917332,-1.8428432577007083
191,7.680059460999473,bno085,0.46484375,0.96875,10.32421875,-0.052734375,0.064453125,-0.107421875,0.0628662109375,-0.04388427734375,-0.0169677734375,0.99688720703125,7.617104490452435,-4.759303936584137,-2.1070194078441875
192,7.720063669999945,bno085,0.38671875,1.3125,10.82421875,0.025390625,0.12890625,-0.134765625,0.064208984375,-0.0406494140625,-0.02032470703125,0.99688720703125,7.776456291184263,-4.35919106054978,-2.4714332515893496
193,7.760061601002235,bno085,0.58203125,0.96875,9.75390625,0.140625,0.0859375,-0.083984375,0.06689453125,-0.03857421875,-0.0220947265625,0.99676513671875,8.085730896698204,-4.099976873387675,-2.6683830726641644
194,7.800060255001881,bno085,0.6171875,1.3125,10.09375,-0.20703125,-0.009765625,-0.048828125,0.06689453125,-0.03857421875,-0.0220947265625,0.99676513671875,8.085730896698204,-4.099976873387675,-2.6683830726641644
195,7.8400606860013795,bno085,0.734375,1.3515625,9.7109375,-0.076171875,0.025390625,0.00390625,0.05963134765625,-0.03704833984375,-0.02423095703125,0.99725341796875,7.253486533300764,-3.930044586557082,-2.8704513698956746
196,7.880059432001872,bno085,0.50390625,0.96875,9.171875,-0.076171875,0.025390625,0.00390625,0.05645751953125,-0.03607177734375,-0.024658203125,0.9974365234375,6.886603596739089,-3.8248429780870756,-2.8991640323065813
197,7.920060473999911,bno085,0.3515625,0.47265625,9.328125,0.08984375,0.22265625,-0.12890625,0.0611572265625,-0.03192138671875,-0.02655029296875,0.99725341796875,7.418036751070873,-3.321126796361051,-3.1014737437818165
198,7.960059368000657,bno085,0.12109375,0.6640625,9.171875,-0.39453125,0.283203125,-0.1484375,0.05560302734375,-0.02471923828125,-0.02978515625,0.9976806640625,6.761572485581949,-2.492830831610024,-3.400367440437025
199,8.000062521001382,bno085,-0.03125,0.96875,9.75390625,-0.24609375,0.17578125,-0.052734375,0.05560302734375,-0.02471923828125,-0.02978515625,0.9976806640625,6.761572485581949,-2.492830831610024,-3.400367440437025
200,8.040058712002065,bno085,0.00390625,0.81640625,9.59375,0.05859375,0.017578125,-0.0390625,0.04791259765625,-0.01910400390625,-0.0322265625,0.9981689453125,5.862145015735229,-1.8630783575528915,-3.6243811779169874
201,8.080059902000357,bno085,-0.1484375,0.890625,10.25,0.05859375,0.017578125,-0.0390625,0.046875,-0.01788330078125,-0.03350830078125,0.9981689453125,5.740116075255651,-1.7196012322963814,-3.761469287224385
202,8.12006383300104,bno085,0.08203125,0.85546875,10.28515625,-0.029296875,0.06640625,-0.044921875,0.04608154296875,-0.01708984375,-0.0345458984375,0.9981689453125,5.647307191189531,-1.625777785788618,-3.8739643580839593
203,8.160060653000983,bno085,0.1953125,0.73828125,10.359375,-0.1796875,-0.001953125,-0.00390625,0.0408935546875,-0.01641845703125,-0.03533935546875,0.9984130859375,5.0509113459472506,-1.5658260056339806,-3.952192900098067
204,8.20006680699953,bno085,0.12109375,0.5859375,10.44140625,-0.974609375,-0.01171875,-0.130859375,0.0408935546875,-0.01641845703125,-0.03533935546875,0.9984130859375,5.0509113459472506,-1.5658260056339806,-3.952192900098067
205,8.240059812000254,bno085,0.50390625,0.01171875,9.7109375,0.294921875,-0.31640625,0.05859375,0.020751953125,-0.015869140625,-0.03863525390625,0.9989013671875,2.7448488633135257,-1.5758272546563268,-4.293406986977703
206,8.280060206001508,bno085,0.54296875,0.203125,9.63671875,0.294921875,-0.31640625,0.05859375,0.02001953125,-0.02252197265625,-0.03887939453125,0.998779296875,2.6919405097204536,-2.3400012444323846,-4.341067897916828
207,8.320062525999674,bno085,0.46484375,0.5859375,10.5546875,0.13671875,-0.197265625,-0.0078125,0.02423095703125,-0.02740478515625,-0.039306640625,0.99853515625,3.198628877751783,-2.8783639920676456,-4.4184612178315925
208,8.360062476000166,bno085,0.38671875,0.625,10.8984375,0.126953125,-0.138671875,0.0546875,0.027099609375,-0.0316162109375,-0.03790283203125,0.9984130859375,3.5433704352340363,-3.3527238126885885,-4.28334608081908
209,8.400065722002182,bno085,0.50390625,0.546875,11.20703125,0.146484375,-0.314453125,0.099609375,0.027099609375,-0.0316162109375,-0.03790283203125,0.9984130859375,3.5433704352340363,-3.3527238126885885,-4.28334608081908
210,8.440061542001786,bno085,0.46484375,0.625,10.98046875,0.076171875,-0.181640625,0.201171875,0.0302734375,-0.03851318359375,-0.035888671875,0.9981689453125,3.9322672673202455,-4.1367330941743505,-4.094474782776684
211,8.48005830600232,bno085,0.42578125,0.1640625,10.6328125,0.076171875,-0.181640625,0.201171875,0.03082275390625,-0.04388427734375,-0.03167724609375,0.998046875,4.000592433359585,-4.767503199480862,-3.6380267930117682
212,8.520059941001819,bno085,0.6953125,0.43359375,10.171875,0.185546875,-0.216796875,0.107421875,0.03472900390625,-0.04949951171875,-0.0281982421875,0.99774169921875,4.454953477396548,-5.412173382894794,-3.2861244021752136
213,8.560059778999857,bno085,0.92578125,0.546875,9.5546875,-0.078125,-0.05078125,-0.064453125,0.0350341796875,-0.05194091796875,-0.02850341796875,0.99761962890625,4.501437924708601,-5.689481781354218,-3.3355903486963574
214,8.600057266001386,bno085,0.6171875,0.43359375,9.8671875,-0.119140625,-0.01171875,-0.111328125,0.0350341796875,-0.05194091796875,-0.02850341796875,0.99761962890625,4.501437924708601,-5.689481781354218,-3.3355903486963574
215,8.640057845001138,bno085,0.6171875,0.28125,9.09375,0.00390625,0.171875,-0.2265625,0.03466796875,-0.05206298828125,-0.03094482421875,0.99755859375,4.473411782811927,-5.693137130334967,-3.6147662255586273
216,8.680059091002477,bno085,0.50390625,0.2421875,9.29296875,0.00390625,0.171875,-0.2265625,0.0335693359375,-0.04791259765625,-0.03643798828125,0.99761962890625,4.357401166028254,-5.196297014974178,-4.218686304993767
217,8.720056985002884,bno085,0.42578125,0.73828125,9.7890625,0.029296875,0.107421875,-0.18359375,0.033447265625,-0.04425048828125,-0.0413818359375,0.99761962890625,4.348756875465945,-4.7546042522099405,-4.767567666047143
218,8.760041009001725,bno085,0.38671875,0.5078125,9.79296875,-0.1640625,0.23046875,-0.154296875,0.0323486328125,-0.03948974609375,-0.04461669921875,0.9976806640625,4.210430296352636,-4.200279177536643,-5.110054556569329
219,8.800067607000528,bno085,0.50390625,0.43359375,9.515625,0.0859375,0.103515625,-0.0546875,0.0323486328125,-0.03948974609375,-0.04461669921875,0.9976806640625,4.210430296352636,-4.200279177536643,-5.110054556569329
220,8.840058464000322,bno085,0.65625,0.5078125,9.06640625,-0.1328125,0.14453125,-0.015625,0.0338134765625,-0.0360107421875,-0.04632568359375,0.9976806640625,4.365218304809826,-3.786389239273958,-5.294927257917953
221,8.880057840000518,bno085,0.6953125,1.08203125,9.5546875,-0.1328125,0.14453125,-0.015625,0.03289794921875,-0.03271484375,-0.04644775390625,0.99786376953125,4.241817596622123,-3.4138913311355625,-5.289386016731691
222,8.920059437001328,bno085,0.6953125,0.31640625,9.1328125,-0.171875,0.087890625,0.107421875,0.03106689453125,-0.0311279296875,-0.04364013671875,0.99810791015625,4.014111689857704,-3.2544746575782124,-4.9533284261363315
223,8.960058906002814,bno085,1.0,0.96875,9.44921875,-0.275390625,0.072265625,0.162109375,0.02679443359375,-0.029052734375,-0.03985595703125,0.9984130859375,3.5020613228491384,-3.0531490189418653,-4.495895868199162
224,9.000059781003074,bno085,0.92578125,0.31640625,8.9453125,-0.169921875,0.1953125,0.177734375,0.02679443359375,-0.029052734375,-0.03985595703125,0.9984130859375,3.5020613228491384,-3.0531490189418653,-4.495895868199162
225,9.04005895299997,bno085,0.38671875,0.73828125,10.21484375,0.16015625,0.037109375,0.279296875,0.024169921875,-0.025390625,-0.0347900390625,0.998779296875,3.170780393067856,-2.6638362071154056,-3.892792535051822
226,9.08006058799947,bno085,0.04296875,-0.1796875,10.05859375,0.16015625,0.037109375,0.279296875,0.0235595703125,-0.02288818359375,-0.0299072265625,0.9990234375,3.079348455868914,-2.39636228068065,-3.3222204796181867
227,9.120058593001886,bno085,-0.33984375,-0.33203125,10.9375,-0.0625,0.1328125,0.103515625,0.0216064453125,-0.01947021484375,-0.02691650390625,0.99920654296875,2.8374542895826496,-2.0211395356817596,-2.963091445050607
228,9.160057524000877,bno085,0.12109375,0.39453125,10.82421875,-0.08984375,-0.037109375,0.1328125,0.02044677734375,-0.0203857421875,-0.023681640625,0.99932861328125,2.701124965281741,-2.1394446224760992,-2.5926993616918472
229,9.200059214999783,bno085,0.42578125,0.5078125,10.74609375,-0.0078125,-0.177734375,0.109375,0.02044677734375,-0.0203857421875,-0.023681640625,0.99932861328125,2.701124965281741,-2.1394446224760992,-2.5926993616918472
230,9.24005905300146,bno085,0.42578125,0.05078125,10.67578125,0.265625,-0.109375,0.154296875,0.02105712890625,-0.024169921875,-0.02117919921875,0.999267578125,2.7759267660805405,-2.5788661152070556,-2.3192067743070144
231,9.28005776200007,bno085,0.16015625,-0.06640625,10.67578125,0.265625,-0.109375,0.154296875,0.0255126953125,-0.02667236328125,-0.01812744140625,0.9991455078125,3.285266822822938,-2.865244639535619,-1.99060222865831
232,9.320057156000985,bno085,0.1953125,-0.2578125,10.5546875,0.078125,-0.068359375,0.109375,0.02655029296875,-0.02740478515625,-0.015869140625,0.9991455078125,3.3996929802143194,-2.9552835057600797,-1.7375959727473556
233,9.360057476002112,bno085,0.42578125,0.125,10.67578125,-0.169921875,0.052734375,-0.08203125,0.02496337890625,-0.02667236328125,-0.01708984375,0.99920654296875,3.2194989733314583,-2.870183779905756,-1.8700453417956324
234,9.400057241000468,bno085,0.42578125,0.2421875,10.86328125,-0.060546875,0.03515625,-0.072265625,0.02496337890625,-0.02667236328125,-0.01708984375,0.99920654296875,3.2194989733314583,-2.870183779905756,-1.8700453417956324
235,9.44005670900151,bno085,0.54296875,0.6640625,11.44140625,0.2421875,-0.15625,0.029296875,0.024169921875,-0.02581787109375,-0.01849365234375,0.99920654296875,3.1302396896003604,-2.7690523054785046,-2.0255608062178987
236,9.480056584001431,bno085,0.58203125,0.05078125,10.8984375,0.2421875,-0.15625,0.029296875,0.02728271484375,-0.0286865234375,-0.01885986328125,0.9990234375,3.495236913249348,-3.0893068078060666,-2.0877622493154395
237,9.520056960001966,bno085,0.7734375,0.47265625,11.125,0.056640625,-0.0859375,-0.0390625,0.0286865234375,-0.0301513671875,-0.020263671875,0.9989013671875,3.664280809785446,-3.2482945846748703,-2.2592402381881462
238,9.560057113001676,bno085,0.7734375,0.31640625,10.78125,-0.115234375,0.052734375,-0.0859375,0.02716064453125,-0.02947998046875,-0.0220947265625,0.99896240234375,3.493086900715688,-3.168291058919761,-2.4615164446973923
239,9.600067044000753,bno085,0.80859375,0.85546875,10.359375,-0.123046875,0.099609375,-0.0546875,0.02716064453125,-0.02947998046875,-0.0220947265625,0.99896240234375,3.493086900715688,-3.168291058919761,-2.4615164446973923
240,9.640058994002175,bno085,0.54296875,0.625,10.359375,0.125,-0.115234375,0.068359375,0.0242919921875,-0.02679443359375,-0.02374267578125,0.99908447265625,3.1609496018095657,-2.8625588810355262,-2.631351259669747
241,9.680058129000827,bno085,0.46484375,0.43359375,9.71484375,0.125,-0.115234375,0.068359375,0.02459716796875,-0.0274658203125,-0.02362060546875,0.9990234375,3.1975074454314516,-2.938910989474869,-2.6206128879975585
242,9.720060504001594,bno085,0.3515625,-0.10546875,8.640625,-0.21484375,-0.0546875,0.111328125,0.02044677734375,-0.02874755859375,-0.021240234375,0.9991455078125,2.718193211048157,-3.1045931361205312,-2.3389412987257674
243,9.760060510001495,bno085,0.12109375,-0.5234375,8.3671875,-0.134765625,0.001953125,0.1015625,0.018310546875,-0.029541015625,-0.0185546875,0.99920654296875,2.466978978641723,-3.208301258200855,-2.0262677540400373
244,9.800064626000676,bno085,0.1953125,-0.48828125,8.83203125,0.072265625,-0.130859375,0.109375,0.018310546875,-0.029541015625,-0.0185546875,0.99920654296875,2.466978978641723,-3.208301258200855,-2.0262677540400373
245,9.840058593999856,bno085,0.46484375,-0.44921875,7.98828125,-0.103515625,0.146484375,-0.0234375,0.01806640625,-0.03082275390625,-0.0167236328125,0.99920654296875,2.4360858676345547,-3.360739058283236,-1.8190934201621978
246,9.880059246999735,bno085,0.54296875,0.625,9.5546875,-0.103515625,0.146484375,-0.0234375,0.01812744140625,-0.02850341796875,-0.017578125,0.999267578125,2.440672519008247,-3.0925309896749735,-1.910680725393332
247,9.920060771000863,bno085,0.88671875,0.35546875,9.484375,0.216796875,-0.220703125,0.154296875,0.0218505859375,-0.03228759765625,-0.0150146484375,0.9991455078125,2.8678099193151767,-3.5265322258825647,-1.6411405897711382
248,9.960060962002899,bno085,0.734375,-0.90625,8.5625,0.1875,-0.02734375,0.056640625,0.02685546875,-0.0341796875,-0.01226806640625,0.99896240234375,3.436165299598597,-3.7442975255806714,-1.351618387327796
