elapsed_s,roll_deg,pitch_deg,yaw_deg,quat_i,quat_j,quat_k,quat_real,mag_x_uT,mag_y_uT,mag_z_uT
0.019,0.000,-0.000,0.000,0.13312,0.09064,0.00018,0.98694,4.9375,5.6875,-32.1875
0.125,0.099,-0.149,-0.531,0.13354,0.08997,-0.00464,0.98694,5.625,4.5625,-31.8125
0.224,0.161,-0.285,-1.024,0.13367,0.08936,-0.00909,0.98694,5.3125,3.4375,-31.875
0.322,0.161,-0.270,-1.019,0.13367,0.08948,-0.00903,0.98694,6.0,4.9375,-32.3125
0.419,0.161,-0.264,-1.027,0.13367,0.08954,-0.00909,0.98694,5.25,5.6875,-32.6875
0.516,0.176,-0.264,-1.033,0.13379,0.08954,-0.00916,0.98694,4.5625,6.0625,-32.6875
0.607,0.208,-0.317,-1.214,0.13391,0.08929,-0.01080,0.98688,5.25,4.875,-33.5625
0.706,0.217,-0.327,-1.240,0.13397,0.08923,-0.01105,0.98688,6.375,5.3125,-32.25
0.805,0.205,-0.328,-1.249,0.13385,0.08923,-0.01111,0.98694,5.3125,5.375,-29.8125
0.895,0.197,-0.335,-1.248,0.13379,0.08917,-0.01111,0.98694,4.5625,4.9375,-33.125
0.985,0.211,-0.334,-1.240,0.13391,0.08917,-0.01105,0.98694,5.6875,4.625,-30.25
1.080,0.226,-0.358,-1.314,0.13397,0.08905,-0.01172,0.98694,5.9375,6.4375,-33.0625
1.172,0.220,-0.368,-1.334,0.13391,0.08899,-0.01190,0.98694,5.625,4.9375,-32.6875
1.264,0.226,-0.390,-1.394,0.13391,0.08887,-0.01245,0.98694,5.25,4.875,-33.9375
1.354,0.227,-0.391,-1.401,0.13391,0.08887,-0.01251,0.98694,4.25,5.375,-31.4375
1.452,0.214,-0.392,-1.409,0.13379,0.08887,-0.01257,0.98694,5.6875,4.625,-29.8125
1.541,0.213,-0.399,-1.409,0.13379,0.08881,-0.01257,0.98694,4.9375,4.5625,-32.3125
1.633,0.215,-0.401,-1.422,0.13379,0.08881,-0.01270,0.98694,5.3125,5.0,-30.25
1.723,0.221,-0.407,-1.414,0.13385,0.08875,-0.01263,0.98694,6.0,4.1875,-32.3125
1.814,0.216,-0.410,-1.435,0.13379,0.08875,-0.01282,0.98694,5.3125,4.9375,-32.6875
1.907,0.229,-0.414,-1.419,0.13391,0.08868,-0.01270,0.98694,6.0,3.4375,-31.9375
2.002,0.248,-0.420,-1.467,0.13403,0.08868,-0.01312,0.98694,4.625,4.25,-30.3125
2.091,0.247,-0.426,-1.459,0.13403,0.08862,-0.01306,0.98694,5.25,5.6875,-32.6875
2.182,0.241,-0.427,-1.466,0.13397,0.08862,-0.01312,0.98694,6.375,4.9375,-31.5
2.271,0.241,-0.427,-1.466,0.13397,0.08862,-0.01312,0.98694,5.625,5.3125,-31.5
2.361,0.249,-0.436,-1.478,0.13403,0.08856,-0.01324,0.98694,5.25,5.25,-33.9375
2.456,0.249,-0.429,-1.479,0.13403,0.08862,-0.01324,0.98694,5.625,4.9375,-32.75
2.552,0.249,-0.429,-1.479,0.13403,0.08862,-0.01324,0.98694,5.3125,5.0,-30.25
2.640,0.249,-0.429,-1.479,0.13403,0.08862,-0.01324,0.98694,4.9375,4.1875,-32.3125
2.731,0.257,-0.429,-1.479,0.13409,0.08862,-0.01324,0.98694,5.3125,6.4375,-29.8125
2.826,0.256,-0.428,-1.472,0.13409,0.08862,-0.01318,0.98694,5.25,4.5,-33.5625
2.919,0.262,-0.428,-1.471,0.13416,0.08862,-0.01318,0.98688,4.9375,4.9375,-33.5625
3.011,0.262,-0.428,-1.471,0.13416,0.08862,-0.01318,0.98688,5.625,6.75,-32.25
3.101,0.269,-0.428,-1.471,0.13422,0.08862,-0.01318,0.98688,5.625,5.3125,-32.3125
3.211,0.269,-0.428,-1.471,0.13422,0.08862,-0.01318,0.98688,5.625,6.0625,-33.125
3.306,0.277,-0.428,-1.477,0.13428,0.08862,-0.01324,0.98688,5.25,5.6875,-32.25
3.436,0.277,-0.428,-1.477,0.13428,0.08862,-0.01324,0.98688,4.5625,4.1875,-32.3125
3.530,0.276,-0.428,-1.470,0.13428,0.08862,-0.01318,0.98688,5.6875,5.4375,-28.1875
3.623,0.277,-0.421,-1.478,0.13428,0.08868,-0.01324,0.98688,6.0,5.6875,-31.5
3.714,0.269,-0.421,-1.471,0.13422,0.08868,-0.01318,0.98688,4.9375,7.125,-31.875
3.807,0.264,-0.430,-1.485,0.13416,0.08862,-0.01331,0.98688,4.5625,7.125,-32.25
3.901,0.272,-0.431,-1.498,0.13422,0.08862,-0.01343,0.98688,4.9375,5.3125,-33.125
3.999,0.258,-0.432,-1.499,0.13409,0.08862,-0.01343,0.98688,5.3125,5.375,-30.625
4.088,0.266,-0.432,-1.506,0.13416,0.08862,-0.01349,0.98688,4.5625,5.3125,-33.125
4.181,0.273,-0.433,-1.512,0.13422,0.08862,-0.01355,0.98688,5.6875,5.375,-29.8125
4.273,0.280,-0.439,-1.504,0.13428,0.08856,-0.01349,0.98688,4.9375,4.5625,-32.3125
4.364,0.273,-0.447,-1.510,0.13422,0.08850,-0.01355,0.98688,4.9375,5.6875,-32.25
4.455,0.273,-0.447,-1.510,0.13422,0.08850,-0.01355,0.98688,4.9375,4.9375,-31.5
4.548,0.273,-0.447,-1.510,0.13422,0.08850,-0.01355,0.98688,4.9375,6.0625,-32.75
4.637,0.273,-0.439,-1.504,0.13422,0.08856,-0.01349,0.98688,5.25,7.5,-33.0625
4.726,0.273,-0.439,-1.504,0.13422,0.08856,-0.01349,0.98688,6.0,5.375,-29.4375
4.818,0.266,-0.432,-1.506,0.13416,0.08862,-0.01349,0.98688,5.3125,4.5625,-32.75
4.908,0.260,-0.435,-1.520,0.13409,0.08862,-0.01361,0.98688,5.625,6.0,-33.5
4.997,0.274,-0.441,-1.518,0.13422,0.08856,-0.01361,0.98688,4.25,5.75,-31.5
5.086,0.275,-0.449,-1.524,0.13422,0.08850,-0.01367,0.98688,4.875,6.0625,-33.5
5.177,0.276,-0.451,-1.538,0.13422,0.08850,-0.01379,0.98688,5.6875,3.875,-30.6875
5.268,0.283,-0.450,-1.537,0.13428,0.08850,-0.01379,0.98688,5.25,6.0625,-32.75
5.358,0.285,-0.453,-1.558,0.13428,0.08850,-0.01398,0.98688,5.25,4.875,-33.5625
5.450,0.287,-0.448,-1.573,0.13428,0.08856,-0.01410,0.98688,5.3125,4.1875,-32.375
5.547,0.288,-0.442,-1.581,0.13428,0.08862,-0.01416,0.98688,5.3125,5.75,-29.8125
5.635,0.273,-0.442,-1.582,0.13416,0.08862,-0.01416,0.98688,4.5625,5.6875,-32.75
5.725,0.287,-0.441,-1.574,0.13428,0.08862,-0.01410,0.98688,6.0,5.75,-30.625
5.816,0.303,-0.443,-1.593,0.13440,0.08862,-0.01428,0.98688,6.0,5.625,-33.5
5.906,0.303,-0.457,-1.591,0.13440,0.08850,-0.01428,0.98688,4.5625,6.0625,-33.125
5.999,0.304,-0.466,-1.604,0.13440,0.08844,-0.01440,0.98688,5.625,4.5,-33.5625
6.096,0.305,-0.474,-1.610,0.13440,0.08838,-0.01447,0.98688,5.625,4.5625,-31.9375
6.194,0.313,-0.474,-1.617,0.13446,0.08838,-0.01453,0.98688,5.0,4.625,-29.875
6.284,0.306,-0.482,-1.616,0.13440,0.08832,-0.01453,0.98688,5.25,5.25,-34.0
6.376,0.308,-0.484,-1.637,0.13440,0.08832,-0.01471,0.98688,5.3125,5.0,-29.4375
6.470,0.324,-0.493,-1.656,0.13452,0.08826,-0.01489,0.98688,6.0,5.3125,-33.125
6.564,0.333,-0.488,-1.670,0.13458,0.08832,-0.01501,0.98688,5.25,6.375,-33.5
6.657,-0.032,-0.807,-2.851,0.13037,0.08698,-0.02527,0.98730,5.25,7.125,-32.3125
6.751,-1.163,0.689,-7.098,0.11761,0.10522,-0.05908,0.98572,3.5,8.3125,-31.4375
6.846,-0.345,2.517,-7.530,0.12531,0.12097,-0.06146,0.98279,5.25,6.375,-33.125
6.943,4.832,3.986,-7.818,0.17010,0.13092,-0.06824,0.97430,5.6875,1.9375,-32.0
7.034,9.494,3.965,-7.506,0.20978,0.12775,-0.07080,0.96680,7.125,-1.125,-34.5625
7.129,19.689,2.348,-7.014,0.29468,0.10718,-0.07703,0.94647,6.8125,-4.0,-32.125
7.222,28.191,1.817,-6.292,0.36450,0.09735,-0.07800,0.92279,5.1875,-13.3125,-32.4375
7.317,36.705,0.018,-5.737,0.43225,0.07690,-0.07733,0.89514,5.9375,-20.0,-33.0625
7.412,45.179,-6.571,-3.117,0.49939,0.02155,-0.04590,0.86493,3.25,-26.9375,-28.75
7.508,51.102,-16.181,-2.620,0.54120,-0.05914,-0.01672,0.83868,-2.625,-29.375,-24.75
7.601,60.206,-34.258,-0.699,0.59467,-0.19824,0.06335,0.77655,-10.25,-31.0,-19.5625
7.693,82.436,-64.131,-8.749,0.63489,-0.41486,0.19000,0.62347,-27.6875,-19.8125,-1.3125
7.781,115.523,-75.096,-36.840,0.63397,-0.50964,0.23328,0.53290,-27.6875,-19.8125,-1.3125
7.873,-179.343,-75.227,-98.810,0.60913,-0.60284,0.26880,0.43970,-29.125,-6.8125,11.8125
7.963,-159.476,-71.143,-115.931,0.59882,-0.63507,0.29150,0.39130,-29.5625,0.5625,11.125
8.056,-154.963,-70.189,-119.645,0.59485,-0.64166,0.30005,0.37994,-29.625,3.25,12.0625
8.147,-158.256,-73.859,-117.919,0.59167,-0.62500,0.30060,0.41101,-29.25,2.4375,11.625
8.242,113.247,-82.529,-34.831,0.59491,-0.52979,0.28107,0.53516,-29.9375,-5.9375,2.3125
8.348,57.542,-52.962,10.045,0.58453,-0.31543,0.19012,0.72296,-28.1875,-15.125,-6.625
8.442,48.632,-40.802,-3.518,0.49603,-0.26282,0.03796,0.82666,-19.5,-22.6875,-20.25
8.540,39.201,-31.887,-5.277,0.43188,-0.19403,-0.01465,0.88068,-13.0625,-15.9375,-28.6875
8.629,27.627,-24.225,-1.524,0.35760,-0.12299,-0.01129,0.92566,-10.3125,-12.6875,-32.25
8.721,26.126,-18.889,-6.544,0.33710,-0.08051,-0.05969,0.93610,-6.4375,-13.4375,-29.75
8.812,24.193,-19.062,-19.847,0.28870,-0.08832,-0.17200,0.93768,-7.875,-12.0,-31.75
8.904,10.419,-10.523,-37.277,0.15320,0.01263,-0.32532,0.93304,-7.25,-6.0625,-32.875
8.996,-9.026,-16.293,-49.650,-0.04816,0.04297,-0.41968,0.90533,-6.3125,3.25,-31.3125
9.089,-27.842,-26.475,-46.306,-0.22424,0.02209,-0.40399,0.88660,-13.375,16.1875,-21.1875
9.179,-34.453,-28.368,-41.911,-0.27173,0.01471,-0.37714,0.88525,-14.8125,19.1875,-21.125
9.270,-41.108,-27.131,-29.010,-0.29370,-0.00659,-0.28552,0.91223,-14.0625,20.4375,-16.125
9.362,-56.072,-27.348,-10.325,-0.37207,-0.06311,-0.16449,0.91132,-12.0,24.0625,-16.375
9.455,-70.552,-25.579,7.071,-0.44403,-0.12921,-0.05603,0.88489,-10.5,28.8125,-8.0
9.593,-76.995,-25.915,18.406,-0.46149,-0.19446,0.00031,0.86560,-10.125,30.0,-3.8125
9.690,-81.046,-27.872,24.070,-0.47052,-0.23834,0.01202,0.84949,-10.4375,29.75,0.6875
9.787,-82.870,-28.129,25.470,-0.47882,-0.24811,0.01416,0.84198,-11.5,29.8125,0.6875
9.877,-83.727,-27.803,25.348,-0.48621,-0.24585,0.01385,0.83844,-10.8125,30.5,0.75
9.969,-84.039,-27.608,24.944,-0.49023,-0.24249,0.01233,0.83710,-11.125,30.9375,2.375
10.060,-83.703,-27.507,23.599,-0.49237,-0.23389,0.00641,0.83832,-10.8125,33.0625,0.375
10.155,-69.530,-23.766,11.954,-0.42523,-0.14551,-0.01392,0.89319,-10.4375,29.3125,-1.8125
10.245,-52.741,-13.910,-2.811,-0.32629,-0.00592,-0.04724,0.94409,-6.75,29.375,-11.25
10.337,-40.060,-6.626,-9.471,-0.22534,0.07190,-0.06787,0.96924,-0.75,22.75,-20.8125
10.427,-33.783,-4.377,-10.487,-0.17096,0.08954,-0.07178,0.97858,0.25,19.6875,-23.8125
10.519,-19.255,-4.837,-14.057,-0.05023,0.08490,-0.11298,0.98871,1.0,17.0625,-23.0
10.609,-6.388,-6.895,-18.669,0.05212,0.06146,-0.16345,0.98328,-1.4375,10.6875,-29.0
10.702,0.356,-4.231,-21.298,0.11029,0.07721,-0.18652,0.97321,-0.0625,6.125,-32.0
10.793,10.532,-5.685,-22.030,0.19275,0.04816,-0.19904,0.95966,0.375,1.1875,-34.625
10.887,28.547,-12.703,-24.954,0.32281,-0.04559,-0.21948,0.91956,-3.625,-16.25,-33.9375
10.976,40.473,-18.164,-27.546,0.39899,-0.11713,-0.22205,0.88190,-7.375,-24.25,-29.6875
11.067,61.507,-28.189,-31.587,0.51642,-0.24188,-0.18835,0.79956,-10.625,-29.5,-20.8125
11.158,74.051,-32.067,-33.978,0.58099,-0.29535,-0.15906,0.74158,-14.0625,-31.875,-12.1875
11.251,77.342,-33.405,-34.024,0.59802,-0.30865,-0.14410,0.72546,-15.75,-30.625,-8.9375
11.343,76.136,-32.051,-33.612,0.59589,-0.29681,-0.15118,0.73077,-16.0,-30.5625,-7.25
11.436,68.633,-24.696,-32.480,0.57080,-0.23138,-0.19482,0.76337,-11.5625,-33.5,-15.125
11.527,61.962,-18.946,-32.334,0.53986,-0.17694,-0.22943,0.79028,-7.5,-32.5625,-20.4375
11.617,39.358,-6.751,-33.097,0.40063,-0.03162,-0.29291,0.86755,-4.75,-27.8125,-21.9375
11.707,23.088,-5.380,-31.480,0.28009,0.02258,-0.28235,0.91724,0.1875,-15.5625,-34.25
11.800,16.625,-11.774,-30.266,0.21588,-0.01495,-0.26752,0.93896,-2.375,-4.0,-36.5
11.892,9.816,-11.632,-29.814,0.16101,0.00195,-0.26422,0.95093,-3.5625,3.0625,-36.6875
11.986,3.632,-15.808,-22.158,0.11694,-0.02618,-0.20251,0.97192,-5.3125,6.875,-32.0625
12.075,2.180,-14.707,-19.271,0.11261,-0.01721,-0.17822,0.97736,-3.1875,6.5,-31.625
12.166,0.277,-12.721,-15.192,0.10718,-0.00195,-0.14276,0.98395,-1.75,7.6875,-29.125
12.257,-1.135,-12.329,-14.065,0.09760,0.00177,-0.13293,0.98633,-2.125,8.75,-31.9375
12.350,-1.427,-12.130,-14.425,0.09467,0.00427,-0.13574,0.98621,-1.75,7.25,-32.0
12.442,-1.494,-12.033,-14.233,0.09454,0.00494,-0.13403,0.98645,-1.0625,7.5625,-32.8125
12.536,-1.475,-12.012,-14.207,0.09479,0.00507,-0.13379,0.98645,-1.75,7.625,-32.0625
12.623,-1.481,-11.999,-14.114,0.09491,0.00507,-0.13300,0.98657,-1.0625,7.625,-31.5625
12.714,-1.533,-11.937,-14.078,0.09460,0.00562,-0.13263,0.98663,-0.625,6.1875,-28.75
12.805,-1.520,-11.906,-14.024,0.09485,0.00580,-0.13214,0.98669,-1.0625,6.125,-31.625
12.898,-1.526,-11.885,-13.975,0.09491,0.00592,-0.13171,0.98669,-0.0625,7.5625,-32.4375
12.990,-1.513,-11.839,-13.966,0.09509,0.00629,-0.13159,0.98669,-0.6875,8.0,-30.8125
13.084,-1.520,-11.822,-13.940,0.09509,0.00641,-0.13135,0.98676,-0.6875,6.875,-30.8125
13.174,-1.500,-11.801,-13.913,0.09534,0.00653,-0.13110,0.98676,-0.6875,6.875,-31.625
13.265,-1.477,-11.769,-13.910,0.09558,0.00677,-0.13104,0.98676,-0.3125,8.75,-29.5
13.358,-1.466,-11.729,-13.886,0.09576,0.00708,-0.13080,0.98676,-0.6875,8.0,-30.375
13.451,-1.474,-11.689,-13.803,0.09589,0.00732,-0.13007,0.98682,-0.75,7.9375,-33.25
13.543,-1.471,-11.649,-13.773,0.09601,0.00763,-0.12976,0.98688,-0.6875,5.8125,-31.25
13.634,-1.472,-11.625,-13.754,0.09607,0.00781,-0.12958,0.98688,-0.6875,7.625,-31.5625
13.721,-1.469,-11.608,-13.741,0.09613,0.00793,-0.12946,0.98688,-0.375,7.1875,-32.8125
13.813,-1.468,-11.585,-13.729,0.09619,0.00812,-0.12933,0.98688,-0.3125,6.1875,-28.3125
13.903,-1.439,-11.551,-13.719,0.09650,0.00836,-0.12921,0.98688,-0.0625,6.875,-31.1875
13.997,-1.422,-11.533,-13.707,0.09668,0.00848,-0.12909,0.98688,-1.0625,6.0625,-32.875
14.088,-1.405,-11.522,-13.693,0.09686,0.00854,-0.12897,0.98688,-0.6875,6.4375,-32.875
14.181,-1.399,-11.490,-13.675,0.09698,0.00879,-0.12878,0.98688,-1.0625,7.625,-30.8125
14.270,-1.387,-11.480,-13.669,0.09711,0.00885,-0.12872,0.98688,-1.0625,6.0625,-32.5
14.362,-1.406,-11.454,-13.665,0.09698,0.00909,-0.12866,0.98688,0.375,6.875,-29.125
14.452,-1.403,-11.444,-13.652,0.09705,0.00916,-0.12854,0.98688,-1.0625,7.625,-32.0625
14.547,-1.401,-11.414,-13.642,0.09711,0.00940,-0.12842,0.98694,-0.6875,8.75,-31.5625
14.638,-1.404,-11.400,-13.636,0.09711,0.00952,-0.12836,0.98694,-0.6875,8.375,-31.5625
14.731,-1.401,-11.390,-13.623,0.09717,0.00958,-0.12823,0.98694,-0.6875,8.375,-31.1875
14.820,-1.411,-11.376,-13.617,0.09711,0.00970,-0.12817,0.98694,-0.6875,8.375,-31.1875
14.911,-1.406,-11.362,-13.619,0.09717,0.00983,-0.12817,0.98694,-0.6875,8.8125,-28.625
15.001,-1.411,-11.359,-13.597,0.09717,0.00983,-0.12799,0.98694,-1.0625,7.25,-31.1875
15.095,-1.407,-11.344,-13.592,0.09723,0.00995,-0.12793,0.98694,-1.0625,6.8125,-33.25
15.186,-1.405,-11.327,-13.579,0.09729,0.01007,-0.12781,0.98694,-1.4375,8.0,-31.1875
15.279,-1.393,-11.318,-13.573,0.09741,0.01013,-0.12775,0.98694,-1.375,7.25,-31.625
15.368,-1.393,-11.318,-13.573,0.09741,0.01013,-0.12775,0.98694,-1.0625,7.25,-31.1875
15.459,-1.386,-11.317,-13.573,0.09747,0.01013,-0.12775,0.98694,-0.6875,8.4375,-28.6875
15.550,-1.386,-11.310,-13.574,0.09747,0.01019,-0.12775,0.98694,-0.6875,6.5,-31.25
15.643,-1.379,-11.309,-13.574,0.09753,0.01019,-0.12775,0.98694,-1.0625,7.25,-31.625
15.779,-1.366,-11.300,-13.575,0.09766,0.01025,-0.12775,0.98694,-0.3125,7.3125,-28.3125
15.868,-1.357,-11.307,-13.582,0.09772,0.01019,-0.12781,0.98694,-0.375,7.625,-31.625
15.959,-1.337,-11.304,-13.575,0.09790,0.01019,-0.12775,0.98694,-0.6875,8.0625,-29.125
16.049,-1.339,-11.296,-13.569,0.09790,0.01025,-0.12769,0.98694,-0.6875,6.8125,-32.0625
16.139,-1.334,-11.294,-13.562,0.09796,0.01025,-0.12762,0.98694,-1.0625,6.875,-30.8125
16.230,-1.340,-11.289,-13.570,0.09790,0.01031,-0.12769,0.98694,-0.0625,6.5,-31.1875
16.318,-1.343,-11.274,-13.564,0.09790,0.01044,-0.12762,0.98694,-0.3125,6.125,-30.4375
16.408,-1.352,-11.274,-13.557,0.09784,0.01044,-0.12756,0.98694,0.0,8.4375,-28.625
16.500,-1.354,-11.274,-13.549,0.09784,0.01044,-0.12750,0.98694,0.3125,6.8125,-32.0625
16.592,-1.359,-11.275,-13.557,0.09778,0.01044,-0.12756,0.98694,-0.3125,5.8125,-31.25
16.683,-1.365,-11.283,-13.556,0.09772,0.01038,-0.12756,0.98694,0.3125,6.8125,-31.6875
16.776,-1.365,-11.283,-13.556,0.09772,0.01038,-0.12756,0.98694,0.3125,7.625,-29.5
16.866,-1.360,-11.281,-13.548,0.09778,0.01038,-0.12750,0.98694,-0.3125,6.125,-30.8125
16.955,-1.355,-11.280,-13.541,0.09784,0.01038,-0.12744,0.98694,-0.3125,7.25,-31.625
17.046,-1.347,-11.279,-13.541,0.09790,0.01038,-0.12744,0.98694,-0.3125,5.8125,-30.4375
17.136,-1.354,-11.267,-13.550,0.09784,0.01050,-0.12750,0.98694,-0.0625,7.1875,-31.625
17.228,-1.350,-11.271,-13.535,0.09790,0.01044,-0.12738,0.98694,-0.6875,5.75,-32.5
17.316,-1.363,-11.267,-13.543,0.09778,0.01050,-0.12744,0.98694,-0.0625,7.625,-31.1875
17.407,-1.372,-11.253,-13.538,0.09772,0.01062,-0.12738,0.98700,0.6875,8.0,-29.5
17.497,-1.381,-11.253,-13.531,0.09766,0.01062,-0.12732,0.98700,-0.0625,7.25,-31.1875
17.588,-1.382,-11.246,-13.532,0.09766,0.01068,-0.12732,0.98700,-0.0625,8.3125,-31.625
17.680,-1.390,-11.240,-13.533,0.09760,0.01074,-0.12732,0.98700,-0.0625,7.9375,-31.5625
17.776,-1.398,-11.240,-13.525,0.09753,0.01074,-0.12726,0.98700,0.3125,6.875,-29.9375
17.865,-1.405,-11.241,-13.525,0.09747,0.01074,-0.12726,0.98700,0.3125,6.5,-30.4375
17.956,-1.403,-11.249,-13.531,0.09747,0.01068,-0.12732,0.98700,1.0625,6.875,-28.75
18.046,-1.404,-11.242,-13.532,0.09747,0.01074,-0.12732,0.98700,0.6875,7.1875,-31.625
18.136,-1.396,-11.235,-13.541,0.09753,0.01080,-0.12738,0.98700,0.3125,7.1875,-31.625
18.226,-1.398,-11.227,-13.534,0.09753,0.01086,-0.12732,0.98700,-0.3125,6.8125,-32.0625
18.314,-1.392,-11.220,-13.535,0.09760,0.01093,-0.12732,0.98700,-0.0625,6.4375,-31.6875
18.405,-1.378,-11.211,-13.536,0.09772,0.01099,-0.12732,0.98700,0.375,7.3125,-28.3125
18.498,-1.365,-11.209,-13.536,0.09784,0.01099,-0.12732,0.98694,-0.6875,6.4375,-32.5
18.590,-1.357,-11.202,-13.544,0.09790,0.01105,-0.12738,0.98694,0.3125,6.8125,-31.5625
18.681,-1.343,-11.187,-13.553,0.09802,0.01117,-0.12744,0.98694,-0.3125,6.875,-30.8125
18.774,-1.329,-11.179,-13.554,0.09814,0.01123,-0.12744,0.98694,-1.0625,7.25,-31.1875
18.863,-1.330,-11.172,-13.555,0.09814,0.01129,-0.12744,0.98694,-1.0625,7.1875,-32.875
18.954,-1.345,-11.167,-13.556,0.09802,0.01135,-0.12744,0.98694,0.3125,6.875,-29.9375
19.044,-1.337,-11.160,-13.564,0.09808,0.01141,-0.12750,0.98694,0.3125,8.75,-31.125
19.134,-1.337,-11.154,-13.571,0.09808,0.01147,-0.12756,0.98688,-0.3125,6.4375,-32.0625
19.223,-1.333,-11.144,-13.559,0.09814,0.01154,-0.12744,0.98694,-0.3125,6.875,-30.8125
19.312,-1.334,-11.137,-13.559,0.09814,0.01160,-0.12744,0.98688,-0.0625,7.25,-30.8125
19.403,-1.324,-11.125,-13.582,0.09821,0.01172,-0.12762,0.98688,0.0,5.5,-28.3125
19.495,-1.317,-11.130,-13.574,0.09827,0.01166,-0.12756,0.98688,-0.0625,7.9375,-32.0
19.587,-1.339,-11.113,-13.584,0.09808,0.01184,-0.12762,0.98688,-0.3125,7.25,-31.625
19.678,-1.317,-11.118,-13.583,0.09827,0.01178,-0.12762,0.98688,0.0,6.875,-30.4375
19.771,-1.330,-11.113,-13.591,0.09814,0.01184,-0.12769,0.98688,-1.0625,8.0,-32.0625
19.860,-1.311,-11.123,-13.575,0.09833,0.01172,-0.12756,0.98688,-1.0625,7.25,-31.6875
19.951,-1.329,-11.114,-13.598,0.09814,0.01184,-0.12775,0.98688,-0.6875,7.3125,-28.75
20.042,-1.325,-11.112,-13.584,0.09821,0.01184,-0.12762,0.98688,-0.6875,7.9375,-32.0625
20.132,-1.322,-11.113,-13.599,0.09821,0.01184,-0.12775,0.98688,0.3125,7.5625,-31.625
20.222,-1.314,-11.119,-13.598,0.09827,0.01178,-0.12775,0.98688,-0.6875,7.1875,-32.4375
20.311,-1.314,-11.119,-13.598,0.09827,0.01178,-0.12775,0.98688,-0.75,9.0625,-32.0
20.401,-1.307,-11.118,-13.598,0.09833,0.01178,-0.12775,0.98688,-0.625,7.6875,-27.875
20.492,-1.292,-11.117,-13.605,0.09845,0.01178,-0.12781,0.98682,-1.4375,7.1875,-32.875
20.582,-1.284,-11.123,-13.604,0.09851,0.01172,-0.12781,0.98682,-1.0625,6.4375,-32.875
20.673,-1.290,-11.125,-13.611,0.09845,0.01172,-0.12787,0.98682,-0.375,6.8125,-32.4375
20.760,-1.275,-11.123,-13.611,0.09857,0.01172,-0.12787,0.98682,0.25,8.6875,-33.625
20.851,-1.334,-11.067,-13.321,0.09863,0.01190,-0.12537,0.98712,-0.6875,6.875,-30.4375
20.942,-1.348,-11.056,-13.330,0.09851,0.01202,-0.12543,0.98712,-0.6875,7.25,-31.625
21.032,-1.349,-11.055,-13.323,0.09851,0.01202,-0.12537,0.98712,-0.0625,6.4375,-32.4375
21.124,-1.363,-11.051,-13.331,0.09839,0.01208,-0.12543,0.98712,-0.3125,6.875,-31.1875
21.221,-1.363,-11.051,-13.331,0.09839,0.01208,-0.12543,0.98712,-0.6875,7.25,-31.1875
21.309,-1.369,-11.046,-13.339,0.09833,0.01215,-0.12549,0.98712,0.625,9.0625,-32.0
21.400,-1.370,-11.052,-13.331,0.09833,0.01208,-0.12543,0.98712,-0.6875,7.6875,-28.75
21.491,-1.375,-11.041,-13.347,0.09827,0.01221,-0.12555,0.98712,-0.6875,6.125,-31.25
21.581,-1.362,-11.038,-13.340,0.09839,0.01221,-0.12549,0.98712,-0.6875,7.5625,-32.8125
21.673,-1.374,-11.035,-13.355,0.09827,0.01227,-0.12561,0.98712,0.3125,6.4375,-32.4375
21.806,-1.383,-11.048,-13.339,0.09821,0.01215,-0.12549,0.98712,-0.0625,6.8125,-32.4375
21.896,-1.397,-11.017,-13.357,0.09808,0.01245,-0.12561,0.98712,0.0,7.6875,-28.6875
21.987,-1.413,-11.011,-13.352,0.09796,0.01251,-0.12555,0.98718,-0.3125,6.875,-31.6875
22.077,-1.405,-10.991,-13.368,0.09802,0.01270,-0.12567,0.98712,-0.375,6.8125,-32.4375
22.169,-1.392,-10.995,-13.360,0.09814,0.01263,-0.12561,0.98712,-0.6875,8.375,-31.1875
22.257,-1.398,-10.997,-13.367,0.09808,0.01263,-0.12567,0.98712,-1.8125,8.3125,-32.4375
22.349,-1.405,-10.998,-13.367,0.09802,0.01263,-0.12567,0.98712,-1.0,8.4375,-28.25
22.438,-1.409,-10.993,-13.382,0.09796,0.01270,-0.12579,0.98712,-1.0,5.8125,-30.875
22.528,-1.397,-10.991,-13.375,0.09808,0.01270,-0.12573,0.98712,-0.375,8.0,-31.1875
22.619,-1.392,-10.987,-13.398,0.09808,0.01276,-0.12592,0.98712,-0.0625,7.1875,-32.8125
22.707,-1.386,-10.992,-13.390,0.09814,0.01270,-0.12585,0.98712,0.0,5.75,-31.625
22.797,-1.394,-10.986,-13.391,0.09808,0.01276,-0.12585,0.98712,0.0,5.75,-31.625
22.888,-1.392,-10.987,-13.398,0.09808,0.01276,-0.12592,0.98712,-1.0625,6.125,-31.6875
22.978,-1.398,-11.001,-13.396,0.09802,0.01263,-0.12592,0.98712,-0.3125,5.375,-32.875
23.068,-1.397,-10.995,-13.404,0.09802,0.01270,-0.12598,0.98712,-0.3125,6.4375,-32.0625
23.156,-1.389,-11.001,-13.403,0.09808,0.01263,-0.12598,0.98712,-0.375,7.1875,-32.4375
23.247,-1.396,-10.996,-13.410,0.09802,0.01270,-0.12604,0.98706,0.0,6.125,-29.5625
23.337,-1.449,-10.946,-13.215,0.09796,0.01294,-0.12433,0.98730,-0.75,9.4375,-33.625
23.431,-1.474,-10.934,-13.166,0.09784,0.01300,-0.12390,0.98737,-0.0625,6.4375,-31.6875
23.523,-1.490,-10.935,-13.158,0.09772,0.01300,-0.12384,0.98737,-0.0625,7.9375,-32.4375
23.616,-1.490,-10.928,-13.159,0.09772,0.01306,-0.12384,0.98737,-0.375,7.5625,-32.0625
23.704,-1.497,-10.929,-13.160,0.09766,0.01306,-0.12384,0.98743,-0.375,8.375,-31.625
23.795,-1.494,-10.931,-13.174,0.09766,0.01306,-0.12396,0.98737,-0.6875,7.6875,-28.75
23.884,-1.488,-10.936,-13.166,0.09772,0.01300,-0.12390,0.98737,-0.6875,6.4375,-32.5
23.976,-1.526,-10.893,-13.034,0.09766,0.01324,-0.12274,0.98755,-0.375,7.5625,-33.3125
24.067,-1.522,-10.886,-12.991,0.09778,0.01324,-0.12238,0.98755,-0.375,8.75,-31.125
24.156,-1.522,-10.886,-12.991,0.09778,0.01324,-0.12238,0.98755,-1.0625,8.0,-31.625
24.246,-1.520,-10.874,-13.007,0.09778,0.01337,-0.12250,0.98755,-1.0625,9.5,-29.875
24.337,-1.515,-10.873,-13.000,0.09784,0.01337,-0.12244,0.98755,-0.375,6.8125,-32.4375
24.427,-1.513,-10.861,-13.016,0.09784,0.01349,-0.12256,0.98755,-0.0625,6.0625,-32.875
24.521,-1.494,-10.863,-13.001,0.09802,0.01343,-0.12244,0.98755,-1.0625,9.125,-32.0
24.614,-1.478,-10.856,-13.016,0.09814,0.01349,-0.12256,0.98749,-1.0625,6.875,-31.1875
24.703,-1.486,-10.856,-13.010,0.09808,0.01349,-0.12250,0.98755,-1.4375,6.8125,-33.3125
24.793,-1.486,-10.850,-13.017,0.09808,0.01355,-0.12256,0.98749,-0.6875,8.4375,-29.5
24.884,-1.474,-10.848,-13.010,0.09821,0.01355,-0.12250,0.98749,-0.6875,5.75,-32.125
24.976,-1.463,-10.848,-13.024,0.09827,0.01355,-0.12262,0.98749,-1.0625,8.0,-31.625
25.068,-1.457,-10.854,-13.016,0.09833,0.01349,-0.12256,0.98749,-0.375,7.5625,-32.4375
25.164,-1.454,-10.855,-13.031,0.09833,0.01349,-0.12268,0.98749,-1.0,5.8125,-30.0
25.252,-1.454,-10.855,-13.031,0.09833,0.01349,-0.12268,0.98749,-0.0625,7.9375,-32.4375
25.343,-1.453,-10.862,-13.030,0.09833,0.01343,-0.12268,0.98749,0.3125,7.625,-29.5
25.433,-1.451,-10.870,-13.036,0.09833,0.01337,-0.12274,0.98749,-0.6875,8.0,-31.625
25.527,-1.460,-10.850,-13.039,0.09827,0.01355,-0.12274,0.98749,-0.6875,7.9375,-32.0625
25.619,-1.465,-10.859,-13.045,0.09821,0.01349,-0.12280,0.98749,-1.0625,8.6875,-32.8125
25.712,-1.458,-10.858,-13.045,0.09827,0.01349,-0.12280,0.98749,-1.0,5.4375,-31.6875
25.803,0.000,-0.000,-0.000,0.09827,0.01349,-0.12274,0.98749,-0.0625,7.625,-30.8125
25.894,-0.015,0.004,-0.008,0.09814,0.01355,-0.12280,0.98749,0.6875,6.875,-29.5625
25.987,-0.023,0.010,-0.008,0.09808,0.01361,-0.12280,0.98749,-0.0625,7.1875,-31.625
26.078,-0.030,0.010,-0.008,0.09802,0.01361,-0.12280,0.98749,-0.6875,7.1875,-32.0625
26.170,-0.038,0.020,-0.031,0.09796,0.01373,-0.12299,0.98749,-0.0625,6.4375,-32.4375
26.262,-0.044,0.013,-0.023,0.09790,0.01367,-0.12292,0.98749,-0.6875,7.25,-31.1875
26.350,-0.067,0.025,-0.024,0.09772,0.01379,-0.12292,0.98749,-0.375,8.3125,-32.0
26.441,-0.066,0.017,-0.031,0.09772,0.01373,-0.12299,0.98749,-0.3125,6.9375,-28.75
26.534,-0.065,0.016,-0.038,0.09772,0.01373,-0.12305,0.98749,-1.0625,7.1875,-32.4375
26.626,-0.051,0.018,-0.038,0.09784,0.01373,-0.12305,0.98749,-0.6875,7.1875,-32.4375
26.717,-0.037,0.020,-0.038,0.09796,0.01373,-0.12305,0.98749,-1.4375,8.0,-31.1875
26.811,-0.045,0.026,-0.039,0.09790,0.01379,-0.12305,0.98749,-0.0625,8.75,-31.125
26.899,-0.045,0.026,-0.039,0.09790,0.01379,-0.12305,0.98749,-0.0625,6.8125,-31.6875
26.990,-0.046,0.025,-0.045,0.09790,0.01379,-0.12311,0.98743,-0.3125,7.6875,-28.3125
27.081,-0.058,0.092,0.281,0.09790,0.01410,-0.12024,0.98779,-0.3125,7.625,-31.1875
27.173,-0.074,0.147,0.501,0.09784,0.01440,-0.11829,0.98804,-1.0625,7.5625,-32.8125
27.266,-0.081,0.146,0.502,0.09778,0.01440,-0.11829,0.98804,-1.0625,6.8125,-32.875
27.360,-0.000,0.000,0.000,0.09778,0.01447,-0.11835,0.98804,-0.75,8.6875,-32.0
27.458,0.007,0.001,-0.000,0.09784,0.01447,-0.11835,0.98804,-1.375,7.6875,-29.5625
27.548,0.007,0.001,-0.000,0.09784,0.01447,-0.11835,0.98804,-0.3125,6.125,-31.6875
27.639,0.001,-0.008,-0.006,0.09778,0.01440,-0.11841,0.98804,0.0,7.25,-29.5625
27.730,-0.007,-0.001,-0.007,0.09772,0.01447,-0.11841,0.98804,-0.0625,7.9375,-32.0
27.824,-0.007,-0.002,-0.014,0.09772,0.01447,-0.11847,0.98804,-1.4375,7.625,-31.6875
27.960,-0.006,-0.003,-0.021,0.09772,0.01447,-0.11853,0.98804,-1.0625,7.25,-30.4375
28.048,0.002,-0.009,-0.021,0.09778,0.01440,-0.11853,0.98804,-0.0625,8.3125,-31.625
28.138,0.009,-0.009,-0.028,0.09784,0.01440,-0.11859,0.98804,-0.3125,7.6875,-28.75
28.229,0.008,-0.009,-0.027,0.09784,0.01440,-0.11859,0.98798,-0.375,7.5625,-32.0625
28.318,0.008,-0.002,-0.035,0.09784,0.01447,-0.11865,0.98798,-0.375,8.375,-31.625
28.425,0.000,0.003,-0.043,0.09778,0.01453,-0.11871,0.98798,-0.0625,7.5625,-31.625
28.518,0.007,0.010,-0.050,0.09784,0.01459,-0.11877,0.98798,0.3125,8.375,-30.75
28.608,-0.000,0.000,0.000,0.09772,0.01459,-0.11877,0.98798,-0.375,7.5625,-32.0625
28.696,-0.000,0.000,0.000,0.09772,0.01459,-0.11877,0.98798,-0.375,8.0,-31.625
28.787,-0.007,-0.001,0.000,0.09766,0.01459,-0.11877,0.98798,-0.3125,5.875,-29.1875
28.878,-0.022,0.004,-0.008,0.09753,0.01465,-0.11884,0.98798,-1.375,6.875,-31.6875
28.971,-0.021,0.003,-0.015,0.09753,0.01465,-0.11890,0.98798,-0.75,8.6875,-32.0
29.063,-0.021,0.003,-0.015,0.09753,0.01465,-0.11890,0.98798,-1.0625,6.875,-31.6875
29.156,-0.021,0.002,-0.029,0.09753,0.01465,-0.11902,0.98798,-0.375,7.1875,-32.0625
29.245,-0.028,0.001,-0.029,0.09747,0.01465,-0.11902,0.98798,-0.6875,6.125,-31.3125
29.336,-0.028,0.007,-0.037,0.09747,0.01471,-0.11908,0.98798,-0.3125,7.25,-29.5625
29.427,-0.020,-0.005,-0.028,0.09753,0.01459,-0.11902,0.98798,-0.375,9.0625,-32.0
29.520,-0.006,-0.004,-0.035,0.09766,0.01459,-0.11908,0.98798,-0.6875,8.375,-30.75
29.612,0.002,-0.010,-0.035,0.09772,0.01453,-0.11908,0.98798,-1.0,5.8125,-31.25
29.706,-0.013,-0.006,-0.043,0.09760,0.01459,-0.11914,0.98798,-1.0625,7.625,-30.375
29.795,0.002,-0.005,-0.050,0.09772,0.01459,-0.11920,0.98798,-0.375,7.5625,-32.0625
29.885,-0.005,-0.005,-0.043,0.09766,0.01459,-0.11914,0.98798,-1.0,7.3125,-29.1875
29.976,-0.010,-0.040,0.032,0.09760,0.01422,-0.11853,0.98804,-0.0625,8.6875,-31.625
30.067,10.377,4.160,23.282,0.18481,0.03827,0.08344,0.97845,1.6875,7.1875,-32.4375
30.159,28.395,-10.148,31.175,0.34766,-0.06134,0.16180,0.92151,1.5625,-9.25,-34.125
30.253,48.585,-7.482,6.664,0.49384,-0.07874,-0.03845,0.86511,-4.375,-27.5,-24.0
30.343,54.594,-2.738,5.101,0.54077,-0.04730,-0.06226,0.83752,-3.625,-32.25,-22.5
30.434,46.528,8.470,-0.554,0.48633,0.03497,-0.14130,0.86157,1.3125,-31.9375,-20.75
30.528,33.350,14.544,-6.684,0.39130,0.09137,-0.19702,0.89423,6.75,-22.1875,-30.6875
30.620,11.667,2.782,-2.075,0.20032,0.02643,-0.13763,0.96967,8.25,-14.9375,-35.4375
30.712,2.984,3.045,5.345,0.12598,0.03455,-0.07086,0.98889,-0.6875,1.1875,-36.375
30.805,0.072,5.490,4.895,0.10242,0.05786,-0.07172,0.99048,2.4375,7.5625,-32.375
30.894,0.312,5.356,5.014,0.10437,0.05646,-0.07092,0.99042,2.4375,6.4375,-32.4375
30.986,0.058,5.481,4.514,0.10242,0.05811,-0.07501,0.99023,2.125,6.125,-29.5625
31.078,0.210,5.381,4.597,0.10364,0.05707,-0.07446,0.99017,2.4375,6.4375,-32.0625
31.170,0.286,5.315,4.593,0.10425,0.05646,-0.07458,0.99017,1.0,6.0625,-32.875
31.261,0.207,5.327,4.405,0.10364,0.05676,-0.07617,0.99005,1.375,7.1875,-32.8125
31.355,0.124,5.327,4.244,0.10297,0.05695,-0.07751,0.99005,2.4375,7.125,-33.6875
31.452,0.086,5.307,4.145,0.10266,0.05688,-0.07837,0.98999,1.75,6.5,-29.5625
31.541,0.433,4.991,4.246,0.10541,0.05383,-0.07794,0.98993,2.0625,7.1875,-32.0
31.632,0.961,4.495,4.314,0.10962,0.04913,-0.07800,0.98969,2.4375,6.875,-29.9375
31.723,1.104,4.379,4.310,0.11078,0.04803,-0.07819,0.98962,2.4375,5.75,-32.0625
31.814,1.171,4.318,4.271,0.11133,0.04749,-0.07861,0.98950,2.4375,7.1875,-32.4375
31.906,1.253,4.266,4.251,0.11200,0.04700,-0.07886,0.98944,1.6875,7.1875,-32.8125
32.001,1.297,4.231,4.214,0.11237,0.04669,-0.07922,0.98938,2.0625,7.9375,-30.75
32.090,-0.000,0.000,0.000,0.11255,0.04651,-0.07928,0.98938,3.125,6.8125,-32.0
32.182,0.025,-0.029,-0.024,0.11273,0.04626,-0.07953,0.98938,2.125,6.5,-29.9375
32.272,0.057,-0.071,-0.046,0.11298,0.04590,-0.07977,0.98932,2.4375,5.75,-31.6875
32.365,0.082,-0.093,-0.071,0.11316,0.04572,-0.08002,0.98932,2.4375,6.8125,-32.0
32.458,0.099,-0.122,-0.087,0.11328,0.04547,-0.08020,0.98926,3.125,6.4375,-32.0
32.551,0.123,-0.137,-0.113,0.11346,0.04535,-0.08044,0.98926,2.0625,5.75,-32.0625
32.639,0.131,-0.145,-0.126,0.11353,0.04529,-0.08057,0.98926,3.125,7.5,-33.25
32.730,0.127,-0.138,-0.056,0.11353,0.04529,-0.07996,0.98926,3.5,7.1875,-30.375
32.820,0.143,-0.146,-0.083,0.11365,0.04523,-0.08020,0.98926,2.4375,6.0,-33.3125
32.911,0.152,-0.155,-0.103,0.11371,0.04517,-0.08038,0.98926,2.75,6.75,-33.25
33.004,0.167,-0.156,-0.123,0.11383,0.04517,-0.08057,0.98920,2.4375,7.1875,-31.125
33.101,0.183,-0.163,-0.136,0.11395,0.04510,-0.08069,0.98920,2.4375,6.875,-29.5
33.189,0.184,-0.165,-0.150,0.11395,0.04510,-0.08081,0.98920,2.8125,6.4375,-32.4375
33.280,0.191,-0.166,-0.163,0.11401,0.04510,-0.08093,0.98914,2.8125,6.875,-29.5
33.373,0.206,-0.167,-0.184,0.11414,0.04510,-0.08112,0.98914,3.125,6.75,-33.25
33.468,0.207,-0.162,-0.206,0.11414,0.04517,-0.08130,0.98914,2.375,8.25,-32.8125
33.559,0.215,-0.169,-0.211,0.11420,0.04510,-0.08136,0.98907,2.0625,8.6875,-32.75
33.650,0.223,-0.171,-0.232,0.11426,0.04510,-0.08154,0.98907,2.4375,6.0625,-32.4375
33.739,0.209,-0.140,-0.137,0.11420,0.04529,-0.08069,0.98914,1.75,5.75,-32.4375
33.832,0.201,-0.133,-0.131,0.11414,0.04535,-0.08063,0.98914,2.125,7.25,-29.125
33.924,0.210,-0.148,-0.143,0.11420,0.04523,-0.08075,0.98914,2.4375,7.1875,-31.625
34.058,0.204,-0.143,-0.165,0.11414,0.04529,-0.08093,0.98914,2.0625,9.0625,-31.9375
34.149,0.232,-0.143,-0.178,0.11438,0.04529,-0.08105,0.98907,2.0625,7.5625,-31.625
34.237,0.240,-0.143,-0.185,0.11444,0.04529,-0.08112,0.98907,2.8125,6.4375,-32.0
34.328,0.248,-0.150,-0.191,0.11450,0.04523,-0.08118,0.98907,2.125,7.25,-29.9375
34.418,0.249,-0.152,-0.212,0.11450,0.04523,-0.08136,0.98907,3.125,7.125,-32.8125
34.512,0.250,-0.159,-0.211,0.11450,0.04517,-0.08136,0.98907,2.75,7.5625,-32.0
34.605,0.236,-0.155,-0.226,0.11438,0.04523,-0.08148,0.98907,2.4375,6.0625,-31.1875
34.698,0.237,-0.156,-0.240,0.11438,0.04523,-0.08160,0.98907,2.4375,7.1875,-32.0
34.786,0.236,-0.150,-0.248,0.11438,0.04529,-0.08167,0.98901,2.4375,8.3125,-32.0
34.877,0.243,-0.150,-0.247,0.11444,0.04529,-0.08167,0.98901,2.5,6.125,-29.125
34.967,0.236,-0.151,-0.255,0.11438,0.04529,-0.08173,0.98901,2.0625,7.5625,-32.0
35.061,0.244,-0.151,-0.261,0.11444,0.04529,-0.08179,0.98901,3.125,7.5625,-30.75
35.154,0.238,-0.154,-0.283,0.11438,0.04529,-0.08197,0.98901,3.125,7.5625,-32.0
35.246,0.239,-0.155,-0.290,0.11438,0.04529,-0.08203,0.98901,2.4375,7.1875,-31.625
35.335,0.224,-0.143,-0.299,0.11426,0.04541,-0.08209,0.98901,2.0625,7.875,-34.0625
35.425,0.197,-0.090,-0.122,0.11414,0.04572,-0.08051,0.98914,2.4375,7.625,-29.125
35.517,0.191,-0.073,-0.032,0.11414,0.04578,-0.07971,0.98920,2.4375,6.0,-33.6875
35.610,0.182,-0.065,-0.012,0.11407,0.04584,-0.07953,0.98920,1.75,6.4375,-31.625
35.702,0.190,-0.065,-0.026,0.11414,0.04584,-0.07965,0.98920,2.8125,6.8125,-31.625
35.795,0.198,-0.066,-0.033,0.11420,0.04584,-0.07971,0.98920,2.8125,6.8125,-31.625
35.898,0.198,-0.066,-0.040,0.11420,0.04584,-0.07977,0.98920,2.5,6.875,-29.125
35.994,0.220,-0.071,-0.032,0.11438,0.04578,-0.07971,0.98920,2.4375,6.4375,-30.375
36.084,0.206,-0.048,0.057,0.11432,0.04590,-0.07892,0.98926,1.375,6.8125,-32.4375
36.175,0.220,-0.047,0.058,0.11444,0.04590,-0.07892,0.98920,2.5,6.125,-28.75
36.270,0.227,-0.034,0.036,0.11450,0.04602,-0.07910,0.98920,2.8125,6.0625,-31.625
36.363,0.242,-0.039,0.044,0.11462,0.04596,-0.07904,0.98920,2.4375,5.6875,-32.8125
36.454,0.235,-0.008,0.139,0.11462,0.04614,-0.07819,0.98926,2.4375,6.4375,-32.4375
36.545,0.242,-0.008,0.132,0.11469,0.04614,-0.07825,0.98926,2.0625,6.0,-33.3125
36.632,0.248,-0.002,0.125,0.11475,0.04620,-0.07831,0.98920,2.4375,8.3125,-32.0
36.724,0.248,0.005,0.124,0.11475,0.04626,-0.07831,0.98920,3.1875,5.75,-29.9375
36.818,0.243,0.021,0.207,0.11475,0.04633,-0.07758,0.98926,2.75,6.375,-33.6875
36.910,0.231,0.030,0.290,0.11469,0.04633,-0.07684,0.98932,2.8125,4.1875,-33.75
