sample,time_s,sensor,accel_x_g,accel_y_g,accel_z_g,accel_x_mps2,accel_y_mps2,accel_z_mps2,gyro_x_dps,gyro_y_dps,gyro_z_dps,gyro_x_radps,gyro_y_radps,gyro_z_radps,roll_deg,pitch_deg,yaw_deg,accel_roll_deg,accel_pitch_deg,temp_c,diag_stat,prod_id
0,0.0006344960000888022,adis16470,0.0,0.0,0.0,0.0,0.0,0.0,0.498,-0.036000000000000004,-0.14100000000000004,0.008691739674931762,-0.0006283185307179587,-0.0024609142453120053,0.0,-0.0,0.0,0.0,-0.0,0.0,0x0000,0x0000
1,0.03556901500007825,adis16470,0.0,0.0,0.0,0.0,0.0,0.0,0.498,-0.036000000000000004,-0.14100000000000004,0.008691739674931762,-0.0006283185307179587,-0.0024609142453120053,0.017048574917656684,-0.0012324271024812062,-0.0049255164810048215,0.0,-0.0,0.0,0x0000,0x0000
2,0.07042386800003442,adis16470,0.0,0.0,0.0,0.0,0.0,0.0,0.498,-0.036000000000000004,-0.14100000000000004,0.008691739674931762,-0.0006283185307179587,-0.0024609142453120053,0.033717361587498836,-0.0024373996328312412,-0.009839818386003462,0.0,-0.0,0.0,0x0000,0x0000
3,0.10525555399999575,adis16470,0.0,0.0,0.0,0.0,0.0,0.0,0.498,-0.036000000000000004,-0.14100000000000004,0.008691739674931762,-0.0006283185307179587,-0.0024609142453120053,0.05004227039116999,-0.003617513522253252,-0.014751086111998012,0.0,-0.0,0.0,0x0000,0x0000
4,0.14012472199999593,adis16470,0.0,0.0,0.0,0.0,0.0,0.0,0.498,-0.036000000000000004,-0.14100000000000004,0.008691739674931762,-0.0006283185307179587,-0.0024609142453120053,0.06605897373406668,-0.004775347498848193,-0.019667638799998038,0.0,-0.0,0.0,0x0000,0x0000
5,0.17500698200001352,adis16470,0.0,0.0,0.0,0.0,0.0,0.0,0.498,-0.036000000000000004,-0.14100000000000004,0.008691739674931762,-0.0006283185307179587,-0.0024609142453120053,0.08176177732949845,-0.005910489927433623,-0.024586050432007605,0.0,-0.0,0.0,0x0000,0x0000
6,0.2098448350000126,adis16470,0.0,0.0,0.0,0.0,0.0,0.0,0.498,-0.036000000000000004,-0.14100000000000004,0.008691739674931762,-0.0006283185307179587,-0.0024609142453120053,0.09712876266132352,-0.007021356336963145,-0.02949817473300039,0.0,-0.0,0.0,0x0000,0x0000
7,0.24464879900006054,adis16470,0.0,0.0,0.0,0.0,0.0,0.0,0.498,-0.036000000000000004,-0.14100000000000004,0.008691739674931762,-0.0006283185307179587,-0.0024609142453120053,0.11217180565378107,-0.008108805227984173,-0.03440550235500155,0.0,-0.0,0.0,0x0000,0x0000
8,0.27941437499998756,adis16470,0.0,0.0,0.0,0.0,0.0,0.0,0.498,-0.036000000000000004,-0.14100000000000004,0.008691739674931762,-0.0006283185307179587,-0.0024609142453120053,0.12689539687869691,-0.009173161220146765,-0.03930745886401065,0.0,-0.0,0.0,0x0000,0x0000
9,0.3142327650000425,adis16470,0.0,0.0,0.0,0.0,0.0,0.0,0.498,-0.036000000000000004,-0.14100000000000004,0.008691739674931762,-0.0006283185307179587,-0.0024609142453120053,0.1413502652694672,-0.01021809146526269,-0.0442168545330061,0.0,-0.0,0.0,0x0000,0x0000
10,0.3490374340000244,adis16470,0.0,0.0,0.0,0.0,0.0,0.0,0.498,-0.036000000000000004,-0.14100000000000004,0.008691739674931762,-0.0006283185307179587,-0.0024609142453120053,0.15550927645040707,-0.011241634442198103,-0.04912429721100876,0.0,-0.0,0.0,0x0000,0x0000
11,0.38383006499998373,adis16470,0.0,0.0,0.0,0.0,0.0,0.0,0.498,-0.036000000000000004,-0.14100000000000004,0.008691739674931762,-0.0006283185307179587,-0.0024609142453120053,0.16937932266958555,-0.012244288385753173,-0.05403006861600489,0.0,-0.0,0.0,0x0000,0x0000
12,0.41859553100005087,adis16470,0.0,0.0,0.0,0.0,0.0,0.0,0.498,-0.036000000000000004,-0.14100000000000004,0.008691739674931762,-0.0006283185307179587,-0.0024609142453120053,0.18295862007038918,-0.013225924342437773,-0.05893198367100355,0.0,-0.0,0.0,0x0000,0x0000
13,0.4533977550000827,adis16470,0.0,0.0,0.0,0.0,0.0,0.0,0.498,-0.036000000000000004,-0.14100000000000004,0.008691739674931762,-0.0006283185307179587,-0.0024609142453120053,0.19628432506995694,-0.01418922831831014,-0.06383909725500804,0.0,-0.0,0.0,0x0000,0x0000
14,0.4882183120000718,adis16470,0.0,0.0,0.0,0.0,0.0,0.0,0.498,-0.036000000000000004,-0.14100000000000004,0.008691739674931762,-0.0006283185307179587,-0.0024609142453120053,0.2093525447094828,-0.015133918894661409,-0.06874881933899793,0.0,-0.0,0.0,0x0000,0x0000
15,0.5230209620000323,adis16470,0.0,0.0,0.0,0.0,0.0,0.0,0.498,-0.036000000000000004,-0.14100000000000004,0.008691739674931762,-0.0006283185307179587,-0.0024609142453120053,0.22215051567613453,-0.01605907342237117,-0.07365597465900989,0.0,-0.0,0.0,0x0000,0x0000
16,0.5578378900000871,adis16470,0.0,0.0,0.0,0.0,0.0,0.0,0.498,-0.036000000000000004,-0.14100000000000004,0.008691739674931762,-0.0006283185307179587,-0.0024609142453120053,0.23469961307612502,-0.01696623708984036,-0.07856517715799637,0.0,-0.0,0.0,0x0000,0x0000
17,0.5926840580000317,adis16470,0.0,0.0,0.0,0.0,0.0,0.0,0.498,-0.036000000000000004,-0.14100000000000004,0.008691739674931762,-0.0006283185307179587,-0.0024609142453120053,0.24701199930580775,-0.017856289106443927,-0.08347850263799787,0.0,-0.0,0.0,0x0000,0x0000
18,0.6275347270000111,adis16470,0.0,0.0,0.0,0.0,0.0,0.0,0.498,-0.036000000000000004,-0.14100000000000004,0.008691739674931762,-0.0006283185307179587,-0.0024609142453120053,0.2590802251579848,-0.018728690975276005,-0.08839243117500169,0.0,-0.0,0.0,0x0000,0x0000
19,0.6623664140000756,adis16470,0.0,0.0,0.0,0.0,0.0,0.0,0.498,-0.036000000000000004,-0.14100000000000004,0.008691739674931762,-0.0006283185307179587,-0.0024609142453120053,0.2708979132932475,-0.019582981683849213,-0.09330370947599662,0.0,-0.0,0.0,0x0000,0x0000
20,0.6971811010000692,adis16470,0.0,0.0,0.0,0.0,0.0,0.0,0.498,-0.036000000000000004,-0.14100000000000004,0.008691739674931762,-0.0006283185307179587,-0.0024609142453120053,0.2824708694831756,-0.020419580926494617,-0.09821256723000617,0.0,-0.0,0.0,0x0000,0x0000
21,0.7319583430000876,adis16470,0.0,0.0,0.0,0.0,0.0,0.0,0.498,-0.036000000000000004,-0.14100000000000004,0.008691739674931762,-0.0006283185307179587,-0.0024609142453120053,0.2937940562645301,-0.02123812454924313,-0.1031161349459998,0.0,-0.0,0.0,0x0000,0x0000
22,0.7667558640000607,adis16470,0.0,0.0,0.0,0.0,0.0,0.0,0.498,-0.036000000000000004,-0.14100000000000004,0.008691739674931762,-0.0006283185307179587,-0.0024609142453120053,0.3049007660728044,-0.022041019234178626,-0.10802258794500123,0.0,-0.0,0.0,0x0000,0x0000
23,0.8015737919999992,adis16470,0.0,0.0,0.0,0.0,0.0,0.0,0.498,-0.036000000000000004,-0.14100000000000004,0.008691739674931762,-0.0006283185307179587,-0.0024609142453120053,0.31579536456237123,-0.022828580570773818,-0.1129319366609963,0.0,-0.0,0.0,0x0000,0x0000
24,0.8363730529999884,adis16470,0.0,0.0,0.0,0.0,0.0,0.0,0.498,-0.036000000000000004,-0.14100000000000004,0.008691739674931762,-0.0006283185307179587,-0.0024609142453120053,0.3264628256523985,-0.02359972233631796,-0.11783861427299477,0.0,-0.0,0.0,0x0000,0x0000
25,0.8711943140000358,adis16470,0.0,0.0,0.0,0.0,0.0,0.0,0.498,-0.036000000000000004,-0.14100000000000004,0.008691739674931762,-0.0006283185307179587,-0.0024609142453120053,0.3369278008030085,-0.024356226564072898,-0.12274843040399996,0.0,-0.0,0.0,0x0000,0x0000
26,0.9060123900000008,adis16470,0.0,0.0,0.0,0.0,0.0,0.0,0.498,-0.036000000000000004,-0.14100000000000004,0.008691739674931762,-0.0006283185307179587,-0.0024609142453120053,0.34718186738270934,-0.02509748438911151,-0.12765778165800026,0.0,-0.0,0.0,0x0000,0x0000
27,0.940838392000046,adis16470,0.0,0.0,0.0,0.0,0.0,0.0,0.498,-0.036000000000000004,-0.14100000000000004,0.008691739674931762,-0.0006283185307179587,-0.0024609142453120053,0.35723469399364627,-0.02582419474652864,-0.1325682427229977,0.0,-0.0,0.0,0x0000,0x0000
28,0.975677264000069,adis16470,0.0,0.0,0.0,0.0,0.0,0.0,0.498,-0.036000000000000004,-0.14100000000000004,0.008691739674931762,-0.0006283185307179587,-0.0024609142453120053,0.36709277198940266,-0.026536826890800183,-0.13748052621300616,0.0,-0.0,0.0,0x0000,0x0000
29,1.0104634510000778,adis16470,0.0,0.0,0.0,0.0,0.0,0.0,0.498,-0.036000000000000004,-0.14100000000000004,0.008691739674931762,-0.0006283185307179587,-0.0024609142453120053,0.3767279765258163,-0.027233347700661412,-0.1423853812589951,0.0,-0.0,0.0,0x0000,0x0000
30,1.0452712680000786,adis16470,0.0,0.0,0.0,0.0,0.0,0.0,0.498,-0.036000000000000004,-0.14100000000000004,0.008691739674931762,-0.0006283185307179587,-0.0024609142453120053,0.38618095177410294,-0.027916695308971288,-0.1472932625880075,0.0,-0.0,0.0,0x0000,0x0000
31,1.0801049550000243,adis16470,0.0,0.0,0.0,0.0,0.0,0.0,0.498,-0.036000000000000004,-0.14100000000000004,0.008691739674931762,-0.0006283185307179587,-0.0024609142453120053,0.39545761951455183,-0.02858729779623265,-0.15220482810601066,0.0,-0.0,0.0,0x0000,0x0000
32,1.1149311420000458,adis16470,0.0,0.0,0.0,0.0,0.0,0.0,0.498,-0.036000000000000004,-0.14100000000000004,0.008691739674931762,-0.0006283185307179587,-0.0024609142453120053,0.40454505748520675,-0.029244221023026984,-0.1571153256900066,0.0,-0.0,0.0,0x0000,0x0000
33,1.1498134580000396,adis16470,0.0,0.0,0.0,0.0,0.0,0.0,0.498,-0.036000000000000004,-0.14100000000000004,0.008691739674931762,-0.0006283185307179587,-0.0024609142453120053,0.41347822139630086,-0.029889991908166318,-0.1620337610100061,0.0,-0.0,0.0,0x0000,0x0000
34,1.184632922999981,adis16470,0.0,0.0,0.0,0.0,0.0,0.0,0.498,-0.036000000000000004,-0.14100000000000004,0.008691739674931762,-0.0006283185307179587,-0.0024609142453120053,0.422201794934363,-0.03052061168200213,-0.1669432611600027,0.0,-0.0,0.0,0x0000,0x0000
35,1.219408129000044,adis16470,0.0,0.0,0.0,0.0,0.0,0.0,0.498,-0.036000000000000004,-0.14100000000000004,0.008691739674931762,-0.0006283185307179587,-0.0024609142453120053,0.4307296038164949,-0.03113707979396347,-0.1718466094800082,0.0,-0.0,0.0,0x0000,0x0000
36,1.2541688160000604,adis16470,0.0,0.0,0.0,0.0,0.0,0.0,0.498,-0.036000000000000004,-0.14100000000000004,0.008691739674931762,-0.0006283185307179587,-0.0024609142453120053,0.4390794461215936,-0.031740682852163374,-0.1767478168560049,0.0,-0.0,0.0,0x0000,0x0000
37,1.288967337000031,adis16470,0.0,0.0,0.0,0.0,0.0,0.0,0.498,-0.036000000000000004,-0.14100000000000004,0.008691739674931762,-0.0006283185307179587,-0.0024609142453120053,0.4472809181152145,-0.032333560345678136,-0.18165440563799704,0.0,-0.0,0.0,0x0000,0x0000
38,1.3237655799999857,adis16470,0.0,0.0,0.0,0.0,0.0,0.0,0.498,-0.036000000000000004,-0.14100000000000004,0.008691739674931762,-0.0006283185307179587,-0.0024609142453120053,0.45531823426666357,-0.03291457115180699,-0.18656095790100669,0.0,-0.0,0.0,0x0000,0x0000
39,1.3585689160000811,adis16470,0.0,0.0,0.0,0.0,0.0,0.0,0.498,-0.036000000000000004,-0.14100000000000004,0.008691739674931762,-0.0006283185307179587,-0.0024609142453120053,0.4631972896827614,-0.03348414142285021,-0.1914682282770041,0.0,-0.0,0.0,0x0000,0x0000
40,1.3933911770000122,adis16470,0.0,0.0,0.0,0.0,0.0,0.0,0.498,-0.036000000000000004,-0.14100000000000004,0.008691739674931762,-0.0006283185307179587,-0.0024609142453120053,0.4709280816502184,-0.03404299385423264,-0.19637819062500186,0.0,-0.0,0.0,0x0000,0x0000
41,1.4282333830000198,adis16470,0.0,0.0,0.0,0.0,0.0,0.0,0.498,-0.036000000000000004,-0.14100000000000004,0.008691739674931762,-0.0006283185307179587,-0.0024609142453120053,0.4785139107214925,-0.03459136704010788,-0.20129094181200144,0.0,-0.0,0.0,0x0000,0x0000
42,1.463074182000014,adis16470,0.0,0.0,0.0,0.0,0.0,0.0,0.498,-0.036000000000000004,-0.14100000000000004,0.008691739674931762,-0.0006283185307179587,-0.0024609142453120053,0.48594733556298497,-0.03512872305274589,-0.2062034943300021,0.0,-0.0,0.0,0x0000,0x0000
43,1.4979053880000492,adis16470,0.0,0.0,0.0,0.0,0.0,0.0,0.498,-0.036000000000000004,-0.14100000000000004,0.008691739674931762,-0.0006283185307179587,-0.0024609142453120053,0.4932274018432444,-0.03565499290433091,-0.21111469183800186,0.0,-0.0,0.0,0x0000,0x0000
44,1.532709483000076,adis16470,0.0,0.0,0.0,0.0,0.0,0.0,0.498,-0.036000000000000004,-0.14100000000000004,0.008691739674931762,-0.0006283185307179587,-0.0024609142453120053,0.5003486350574197,-0.036169780847524306,-0.2160220665540019,0.0,-0.0,0.0,0x0000,0x0000
45,1.5675636340000665,adis16470,0.0,0.0,0.0,0.0,0.0,0.0,0.498,-0.036000000000000004,-0.14100000000000004,0.008691739674931762,-0.0006283185307179587,-0.0024609142453120053,0.5073519271100111,-0.03667604292361525,-0.22093651481700766,0.0,-0.0,0.0,0x0000,0x0000
46,1.6023836180000899,adis16470,0.0,0.0,0.0,0.0,0.0,0.0,0.498,-0.036000000000000004,-0.14100000000000004,0.008691739674931762,-0.0006283185307179587,-0.0024609142453120053,0.5141983974442159,-0.03717096848994331,-0.22584612212700908,0.0,-0.0,0.0,0x0000,0x0000
47,1.6371856389999948,adis16470,0.0,0.0,0.0,0.0,0.0,0.0,0.498,-0.036000000000000004,-0.14100000000000004,0.008691739674931762,-0.0006283185307179587,-0.0024609142453120053,0.5208991536517033,-0.03765536050494239,-0.2307531914370009,0.0,-0.0,0.0,0x0000,0x0000
48,1.6719600680000894,adis16470,0.0,0.0,0.0,0.0,0.0,0.0,0.498,-0.036000000000000004,-0.14100000000000004,0.008691739674931762,-0.0006283185307179587,-0.0024609142453120053,0.5274524648503645,-0.038129093844604646,-0.2356563807090053,0.0,-0.0,0.0,0x0000,0x0000
49,1.7067553110000517,adis16470,0.0,0.0,0.0,0.0,0.0,0.0,0.498,-0.036000000000000004,-0.14100000000000004,0.008691739674931762,-0.0006283185307179587,-0.0024609142453120053,0.5338848771623207,-0.03859408750570991,-0.24056250743399477,0.0,-0.0,0.0,0x0000,0x0000
50,1.741552054000067,adis16470,0.0,0.0,0.0,0.0,0.0,0.0,0.498,-0.036000000000000004,-0.14100000000000004,0.008691739674931762,-0.0006283185307179587,-0.0024609142453120053,0.5401893820728018,-0.03904983484863626,-0.24546884819699694,0.0,-0.0,0.0,0x0000,0x0000
51,1.7764150750000454,adis16470,0.0,0.0,0.0,0.0,0.0,0.0,0.498,-0.036000000000000004,-0.14100000000000004,0.008691739674931762,-0.0006283185307179587,-0.0024609142453120053,0.5464001973726526,-0.039498809448625466,-0.2503845498090047,0.0,-0.0,0.0,0x0000,0x0000
52,1.8112234110000145,adis16470,0.0,0.0,0.0,0.0,0.0,0.0,0.498,-0.036000000000000004,-0.14100000000000004,0.008691739674931762,-0.0006283185307179587,-0.0024609142453120053,0.5524599995542024,-0.03993686743765317,-0.25529250953400556,0.0,-0.0,0.0,0x0000,0x0000
53,1.8460307650000232,adis16470,0.0,0.0,0.0,0.0,0.0,0.0,0.498,-0.036000000000000004,-0.14100000000000004,0.008691739674931762,-0.0006283185307179587,-0.0024609142453120053,0.5583981806092826,-0.04036613353802041,-0.26020034644800677,0.0,-0.0,0.0,0x0000,0x0000
54,1.8808257870000489,adis16470,0.0,0.0,0.0,0.0,0.0,0.0,0.498,-0.036000000000000004,-0.14100000000000004,0.008691739674931762,-0.0006283185307179587,-0.0024609142453120053,0.5642115702612165,-0.040786378573099975,-0.2651064418710067,0.0,-0.0,0.0,0x0000,0x0000
55,1.9156236410000247,adis16470,0.0,0.0,0.0,0.0,0.0,0.0,0.498,-0.036000000000000004,-0.14100000000000004,0.008691739674931762,-0.0006283185307179587,-0.0024609142453120053,0.5699100835221403,-0.041198319290757124,-0.27001293928500325,0.0,-0.0,0.0,0x0000,0x0000
56,1.9504399580000609,adis16470,0.0,0.0,0.0,0.0,0.0,0.0,0.498,-0.036000000000000004,-0.14100000000000004,0.008691739674931762,-0.0006283185307179587,-0.0024609142453120053,0.5755037460332739,-0.04160268043614027,-0.2749220714249964,0.0,-0.0,0.0,0x0000,0x0000
57,1.9852575900000602,adis16470,0.0,0.0,0.0,0.0,0.0,0.0,0.498,-0.036000000000000004,-0.14100000000000004,0.008691739674931762,-0.0006283185307179587,-0.0024609142453120053,0.5809860413916945,-0.0419989909439779,-0.2798313497819982,0.0,-0.0,0.0,0x0000,0x0000
58,2.0200679260000243,adis16470,0.0,0.0,0.0,0.0,0.0,0.0,0.498,-0.036000000000000004,-0.14100000000000004,0.008691739674931762,-0.0006283185307179587,-0.0024609142453120053,0.5863551564573037,-0.04238711974390146,-0.2847396070170107,0.0,-0.0,0.0,0x0000,0x0000
59,2.054873114000088,adis16470,0.0,0.0,0.0,0.0,0.0,0.0,0.498,-0.036000000000000004,-0.14100000000000004,0.008691739674931762,-0.0006283185307179587,-0.0024609142453120053,0.5916143231072314,-0.04276730046558298,-0.2896471228740089,0.0,-0.0,0.0,0x0000,0x0000
60,2.089668931999995,adis16470,0.0,0.0,0.0,0.0,0.0,0.0,0.498,-0.036000000000000004,-0.14100000000000004,0.008691739674931762,-0.0006283185307179587,-0.0024609142453120053,0.5967637691162709,-0.04313954957467018,-0.29455332785400434,0.0,-0.0,0.0,0x0000,0x0000
61,2.1245467109999936,adis16470,0.0,0.0,0.0,0.0,0.0,0.0,0.498,-0.036000000000000004,-0.14100000000000004,0.008691739674931762,-0.0006283185307179587,-0.0024609142453120053,0.601850345045301,-0.04350725385869644,-0.29947112359800304,0.0,-0.0,0.0,0x0000,0x0000
62,2.15941300999998,adis16470,0.0,0.0,0.0,0.0,0.0,0.0,0.498,-0.036000000000000004,-0.14100000000000004,0.008691739674931762,-0.0006283185307179587,-0.0024609142453120053,0.6068294774355756,-0.04386719113992111,-0.3043872690779974,0.0,-0.0,0.0,0x0000,0x0000
63,2.1942181790000177,adis16470,0.0,0.0,0.0,0.0,0.0,0.0,0.498,-0.036000000000000004,-0.14100000000000004,0.008691739674931762,-0.0006283185307179587,-0.0024609142453120053,0.6116791215510269,-0.04421776782296578,-0.3092947745010098,0.0,-0.0,0.0,0x0000,0x0000
64,2.2290288479999845,adis16470,0.0,0.0,0.0,0.0,0.0,0.0,0.498,-0.036000000000000004,-0.14100000000000004,0.008691739674931762,-0.0006283185307179587,-0.0024609142453120053,0.616434610248683,-0.04456153809026622,-0.3142030996980088,0.0,-0.0,0.0,0x0000,0x0000
65,2.2638256470000897,adis16470,0.0,0.0,0.0,0.0,0.0,0.0,0.498,-0.036000000000000004,-0.14100000000000004,0.008691739674931762,-0.0006283185307179587,-0.0024609142453120053,0.6210881204973813,-0.04489793642149743,-0.31910944046099493,0.0,-0.0,0.0,0x0000,0x0000
66,2.2985843720000503,adis16470,0.0,0.0,0.0,0.0,0.0,0.0,0.498,-0.036000000000000004,-0.14100000000000004,0.008691739674931762,-0.0006283185307179587,-0.0024609142453120053,0.6256299432793099,-0.045226260959950096,-0.3240104024970054,0.0,-0.0,0.0,0x0000,0x0000
67,2.3333802650000735,adis16470,0.0,0.0,0.0,0.0,0.0,0.0,0.498,-0.036000000000000004,-0.14100000000000004,0.008691739674931762,-0.0006283185307179587,-0.0024609142453120053,0.6300991134879091,-0.045549333505150044,-0.32891661805200123,0.0,-0.0,0.0,0x0000,0x0000
68,2.3681781380000757,adis16470,0.0,0.0,0.0,0.0,0.0,0.0,0.498,-0.036000000000000004,-0.14100000000000004,0.008691739674931762,-0.0006283185307179587,-0.0024609142453120053,0.6344799037026179,-0.045866017135128986,-0.333823123503009,0.0,-0.0,0.0,0x0000,0x0000
69,2.4029780860000756,adis16470,0.0,0.0,0.0,0.0,0.0,0.0,0.498,-0.036000000000000004,-0.14100000000000004,0.008691739674931762,-0.0006283185307179587,-0.0024609142453120053,0.6387740537049397,-0.046176437617224536,-0.3387299108130015,0.0,-0.0,0.0,0x0000,0x0000
70,2.4377433860000792,adis16470,0.0,0.0,0.0,0.0,0.0,0.0,0.498,-0.036000000000000004,-0.14100000000000004,0.008691739674931762,-0.0006283185307179587,-0.0024609142453120053,0.6429654389156155,-0.046479429319201106,-0.34363182079200577,0.0,-0.0,0.0,0x0000,0x0000
71,2.472524167000074,adis16470,0.0,0.0,0.0,0.0,0.0,0.0,0.498,-0.036000000000000004,-0.14100000000000004,0.008691739674931762,-0.0006283185307179587,-0.0024609142453120053,0.6470806508414401,-0.0467769145186583,-0.34853594221501066,0.0,-0.0,0.0,0x0000,0x0000
72,2.507328244000064,adis16470,0.0,0.0,0.0,0.0,0.0,0.0,0.498,-0.036000000000000004,-0.14100000000000004,0.008691739674931762,-0.0006283185307179587,-0.0024609142453120053,0.6511247834487198,-0.04706926145412431,-0.3534433066380074,0.0,-0.0,0.0,0x0000,0x0000
73,2.54212717300004,adis16470,0.0,0.0,0.0,0.0,0.0,0.0,0.498,-0.036000000000000004,-0.14100000000000004,0.008691739674931762,-0.0006283185307179587,-0.0024609142453120053,0.6550855663616666,-0.04735558311048191,-0.35834995830600774,0.0,-0.0,0.0,0x0000,0x0000
74,2.576967861000071,adis16470,0.0,0.0,0.0,0.0,0.0,0.0,0.498,-0.036000000000000004,-0.14100000000000004,0.008691739674931762,-0.0006283185307179587,-0.0024609142453120053,0.6589875317361968,-0.047637652896592525,-0.3632625032100088,0.0,-0.0,0.0,0x0000,0x0000
75,2.6117993830000614,adis16470,0.0,0.0,0.0,0.0,0.0,0.0,0.498,-0.036000000000000004,-0.14100000000000004,0.008691739674931762,-0.0006283185307179587,-0.0024609142453120053,0.6628069566103134,-0.04791375589954071,-0.36817374767100897,0.0,-0.0,0.0,0x0000,0x0000
76,2.646594553,adis16470,0.0,0.0,0.0,0.0,0.0,0.0,0.498,-0.036000000000000004,-0.14100000000000004,0.008691739674931762,-0.0006283185307179587,-0.0024609142453120053,0.6665322434601391,-0.04818305374410642,-0.3730798641029951,0.0,-0.0,0.0,0x0000,0x0000
77,2.6814079270000093,adis16470,0.0,0.0,0.0,0.0,0.0,0.0,0.498,-0.036000000000000004,-0.14100000000000004,0.008691739674931762,-0.0006283185307179587,-0.0024609142453120053,0.6701919171498659,-0.04844760846866499,-0.37798854969599793,0.0,-0.0,0.0,0x0000,0x0000
78,2.7162117999999964,adis16470,0.0,0.0,0.0,0.0,0.0,0.0,0.498,-0.036000000000000004,-0.14100000000000004,0.008691739674931762,-0.0006283185307179587,-0.0024609142453120053,0.6737737073013952,-0.04870653305793217,-0.38289588027899985,0.0,-0.0,0.0,0x0000,0x0000
79,2.751011618000007,adis16470,0.0,0.0,0.0,0.0,0.0,0.0,0.498,-0.036000000000000004,-0.14100000000000004,0.008691739674931762,-0.0006283185307179587,-0.0024609142453120053,0.6772819182746368,-0.048960138670455663,-0.3878026494000084,0.0,-0.0,0.0,0x0000,0x0000
80,2.7858133440000756,adis16470,0.0,0.0,0.0,0.0,0.0,0.0,0.498,-0.036000000000000004,-0.14100000000000004,0.008691739674931762,-0.0006283185307179587,-0.0024609142453120053,0.6807209137781273,-0.04920874075504534,-0.3927096926250036,0.0,-0.0,0.0,0x0000,0x0000
81,2.820610403000046,adis16470,0.0,0.0,0.0,0.0,0.0,0.0,0.498,-0.036000000000000004,-0.14100000000000004,0.008691739674931762,-0.0006283185307179587,-0.0024609142453120053,0.6840888341194548,-0.04945220487610516,-0.3976160727270065,0.0,-0.0,0.0,0x0000,0x0000
82,2.855400627999984,adis16470,0.0,0.0,0.0,0.0,0.0,0.0,0.498,-0.036000000000000004,-0.14100000000000004,0.008691739674931762,-0.0006283185307179587,-0.0024609142453120053,0.6873860700613528,-0.04969055928154357,-0.40252149191400854,0.0,-0.0,0.0,0x0000,0x0000
83,2.890214168000057,adis16470,0.0,0.0,0.0,0.0,0.0,0.0,0.498,-0.036000000000000004,-0.14100000000000004,0.008691739674931762,-0.0006283185307179587,-0.0024609142453120053,0.6906287848366722,-0.049924972397831724,-0.4074302114880047,0.0,-0.0,0.0,0x0000,0x0000
84,2.9250205790000336,adis16470,0.0,0.0,0.0,0.0,0.0,0.0,0.498,-0.036000000000000004,-0.14100000000000004,0.008691739674931762,-0.0006283185307179587,-0.0024609142453120053,0.6938031119069119,-0.05015444182459604,-0.4123379102220085,0.0,-0.0,0.0,0x0000,0x0000
85,2.959845470999994,adis16470,0.0,0.0,0.0,0.0,0.0,0.0,0.498,-0.036000000000000004,-0.14100000000000004,0.008691739674931762,-0.0006283185307179587,-0.0024609142453120053,0.6969231163627893,-0.05037998431538235,-0.41724825651300146,0.0,-0.0,0.0,0x0000,0x0000
86,2.994659807000062,adis16470,0.0,0.0,0.0,0.0,0.0,0.0,0.498,-0.036000000000000004,-0.14100000000000004,0.008691739674931762,-0.0006283185307179587,-0.0024609142453120053,0.6999754064620399,-0.05060063179243662,-0.42215706745500914,0.0,-0.0,0.0,0x0000,0x0000
87,3.0294619769999827,adis16470,0.0,0.0,0.0,0.0,0.0,0.0,0.498,-0.036000000000000004,-0.14100000000000004,0.008691739674931762,-0.0006283185307179587,-0.0024609142453120053,0.702960677149683,-0.05081643449274817,-0.42706415255701025,0.0,-0.0,0.0,0x0000,0x0000
88,3.0642322770000874,adis16470,0.0,0.0,0.0,0.0,0.0,0.0,0.498,-0.036000000000000004,-0.14100000000000004,0.008691739674931762,-0.0006283185307179587,-0.0024609142453120053,0.705870742761174,-0.05102680068153065,-0.43196675964000003,0.0,-0.0,0.0,0x0000,0x0000
89,3.0990515390000155,adis16470,0.0,0.0,0.0,0.0,0.0,0.0,0.498,-0.036000000000000004,-0.14100000000000004,0.008691739674931762,-0.0006283185307179587,-0.0024609142453120053,0.7087466293653851,-0.051234696098702535,-0.43687630702501,0.0,-0.0,0.0,0x0000,0x0000
90,3.1339814680000018,adis16470,0.0,0.0,0.0,0.0,0.0,0.0,0.498,-0.036000000000000004,-0.14100000000000004,0.008691739674931762,-0.0006283185307179587,-0.0024609142453120053,0.7116189622843907,-0.051442334622968,-0.44180144520300807,0.0,-0.0,0.0,0x0000,0x0000
91,3.1688149889999977,adis16470,0.0,0.0,0.0,0.0,0.0,0.0,0.498,-0.036000000000000004,-0.14100000000000004,0.008691739674931762,-0.0006283185307179587,-0.0024609142453120053,0.7143866531248351,-0.05164240865962663,-0.446712948117,0.0,-0.0,0.0,0x0000,0x0000
92,3.2036627329999874,adis16470,0.0,0.0,0.0,0.0,0.0,0.0,0.498,-0.036000000000000004,-0.14100000000000004,0.008691739674931762,-0.0006283185307179587,-0.0024609142453120053,0.7171060042594107,-0.05183898825971644,-0.4516264774830094,0.0,-0.0,0.0,0x0000,0x0000
93,3.2384644580000668,adis16470,0.0,0.0,0.0,0.0,0.0,0.0,0.498,-0.036000000000000004,-0.14100000000000004,0.008691739674931762,-0.0006283185307179587,-0.0024609142453120053,0.7197485273159786,-0.05203001402284183,-0.45653352338700826,0.0,-0.0,0.0,0x0000,0x0000
94,3.273292776000062,adis16470,0.0,0.0,0.0,0.0,0.0,0.0,0.498,-0.036000000000000004,-0.14100000000000004,0.008691739674931762,-0.0006283185307179587,-0.0024609142453120053,0.7223511871438322,-0.052218158106783055,-0.46144432144200054,0.0,-0.0,0.0,0x0000,0x0000
95,3.3081488530000343,adis16470,0.0,0.0,0.0,0.0,0.0,0.0,0.498,-0.036000000000000004,-0.14100000000000004,0.008691739674931762,-0.0006283185307179587,-0.0024609142453120053,0.7249153051625664,-0.05240351603584818,-0.4663590230820037,0.0,-0.0,0.0,0x0000,0x0000
96,3.3429565980000007,adis16470,0.0,0.0,0.0,0.0,0.0,0.0,0.498,-0.036000000000000004,-0.14100000000000004,0.008691739674931762,-0.0006283185307179587,-0.0024609142453120053,0.727404498211131,-0.05258345770200947,-0.47126689411799677,0.0,-0.0,0.0,0x0000,0x0000
97,3.3777517690000423,adis16470,0.0,0.0,0.0,0.0,0.0,0.0,0.498,-0.036000000000000004,-0.14100000000000004,0.008691739674931762,-0.0006283185307179587,-0.0024609142453120053,0.7298378342289957,-0.05275936151052981,-0.4761730105499989,0.0,-0.0,0.0,0x0000,0x0000
98,3.4125095510000847,adis16470,0.0,0.0,0.0,0.0,0.0,0.0,0.498,-0.036000000000000004,-0.14100000000000004,0.008691739674931762,-0.0006283185307179587,-0.0024609142453120053,0.7322042654717166,-0.052930428829280715,-0.48107385781200485,0.0,-0.0,0.0,0x0000,0x0000
99,3.447306592000018,adis16470,0.0,0.0,0.0,0.0,0.0,0.0,0.498,-0.036000000000000004,-0.14100000000000004,0.008691739674931762,-0.0006283185307179587,-0.0024609142453120053,0.7345425368366278,-0.05309946049421405,-0.4859802431310007,0.0,-0.0,0.0,0x0000,0x0000
100,3.4821359470000743,adis16470,0.0,0.0,0.0,0.0,0.0,0.0,0.498,-0.036000000000000004,-0.14100000000000004,0.008691739674931762,-0.0006283185307179587,-0.0024609142453120053,0.7368498772320905,-0.05326625618545232,-0.49089120319501084,0.0,-0.0,0.0,0x0000,0x0000
101,3.517010690999996,adis16470,0.0,0.0,0.0,0.0,0.0,0.0,0.498,-0.036000000000000004,-0.14100000000000004,0.008691739674931762,-0.0006283185307179587,-0.0024609142453120053,0.7391331770793987,-0.05343131400573966,-0.4958085499949964,0.0,-0.0,0.0,0x0000,0x0000
102,3.5518255470000213,adis16470,0.0,0.0,0.0,0.0,0.0,0.0,0.498,-0.036000000000000004,-0.14100000000000004,0.008691739674931762,-0.0006283185307179587,-0.0024609142453120053,0.7413414743574128,-0.053590949953547906,-0.5007174211440085,0.0,-0.0,0.0,0x0000,0x0000
103,3.5866536800000404,adis16470,0.0,0.0,0.0,0.0,0.0,0.0,0.498,-0.036000000000000004,-0.14100000000000004,0.008691739674931762,-0.0006283185307179587,-0.0024609142453120053,0.7435122571869822,-0.05374787401351678,-0.5056282139820079,0.0,-0.0,0.0,0x0000,0x0000
104,3.6214682209999864,adis16470,0.0,0.0,0.0,0.0,0.0,0.0,0.498,-0.036000000000000004,-0.14100000000000004,0.008691739674931762,-0.0006283185307179587,-0.0024609142453120053,0.7456328464604343,-0.05390116962364584,-0.5105370486120054,0.0,-0.0,0.0,0x0000,0x0000
105,3.6562384100000145,adis16470,0.0,0.0,0.0,0.0,0.0,0.0,0.498,-0.036000000000000004,-0.14100000000000004,0.008691739674931762,-0.0006283185307179587,-0.0024609142453120053,0.7476894057285501,-0.05404983655869037,-0.5154396375059952,0.0,-0.0,0.0,0x0000,0x0000
106,3.691041413999983,adis16470,0.0,0.0,0.0,0.0,0.0,0.0,0.498,-0.036000000000000004,-0.14100000000000004,0.008691739674931762,-0.0006283185307179587,-0.0024609142453120053,0.7497208215137018,-0.05419668589255676,-0.520346845418996,0.0,-0.0,0.0,0x0000,0x0000
107,3.725840918000017,adis16470,0.0,0.0,0.0,0.0,0.0,0.0,0.498,-0.036000000000000004,-0.14100000000000004,0.008691739674931762,-0.0006283185307179587,-0.0024609142453120053,0.7517099638003425,-0.054340479310868134,-0.525253578021006,0.0,-0.0,0.0,0x0000,0x0000
108,3.760637829000075,adis16470,0.0,0.0,0.0,0.0,0.0,0.0,0.498,-0.036000000000000004,-0.14100000000000004,0.008691739674931762,-0.0006283185307179587,-0.0024609142453120053,0.7536580401840657,-0.0544813041096915,-0.5301599399340089,0.0,-0.0,0.0,0x0000,0x0000
109,3.795469555000068,adis16470,0.0,0.0,0.0,0.0,0.0,0.0,0.498,-0.036000000000000004,-0.14100000000000004,0.008691739674931762,-0.0006283185307179587,-0.0024609142453120053,0.7555842540095474,-0.054620548482617895,-0.5350712419230098,0.0,-0.0,0.0,0x0000,0x0000
110,3.8302955780000048,adis16470,0.0,0.0,0.0,0.0,0.0,0.0,0.498,-0.036000000000000004,-0.14100000000000004,0.008691739674931762,-0.0006283185307179587,-0.0024609142453120053,0.7574690519214727,-0.054756798934082376,-0.5399817084869972,0.0,-0.0,0.0,0x0000,0x0000
111,3.8651122480000595,adis16470,0.0,0.0,0.0,0.0,0.0,0.0,0.498,-0.036000000000000004,-0.14100000000000004,0.008691739674931762,-0.0006283185307179587,-0.0024609142453120053,0.7593115989979049,-0.05488999510828228,-0.5448908590980035,0.0,-0.0,0.0,0x0000,0x0000
112,3.8999524920000113,adis16470,0.0,0.0,0.0,0.0,0.0,0.0,0.498,-0.036000000000000004,-0.14100000000000004,0.008691739674931762,-0.0006283185307179587,-0.0024609142453120053,0.7611287904269658,-0.05502135834411801,-0.549803330823009,0.0,-0.0,0.0,0x0000,0x0000
113,3.9347559410000486,adis16470,0.0,0.0,0.0,0.0,0.0,0.0,0.498,-0.036000000000000004,-0.14100000000000004,0.008691739674931762,-0.0006283185307179587,-0.0024609142453120053,0.7628916264231543,-0.05514879227155333,-0.5547105988019998,0.0,-0.0,0.0,0x0000,0x0000
114,3.969656592000092,adis16470,0.0,0.0,0.0,0.0,0.0,0.0,0.498,-0.036000000000000004,-0.14100000000000004,0.008691739674931762,-0.0006283185307179587,-0.0024609142453120053,0.7646668525565977,-0.05527712187156129,-0.5596316324699959,0.0,-0.0,0.0,0x0000,0x0000
115,4.004456300000015,adis16470,0.0,0.0,0.0,0.0,0.0,0.0,0.498,-0.036000000000000004,-0.14100000000000004,0.008691739674931762,-0.0006283185307179587,-0.0024609142453120053,0.766357092279836,-0.0553993078756508,-0.5645383702889989,0.0,-0.0,0.0,0x0000,0x0000
116,4.0393065260000185,adis16470,0.0,0.0,0.0,0.0,0.0,0.0,0.498,-0.036000000000000004,-0.14100000000000004,0.008691739674931762,-0.0006283185307179587,-0.0024609142453120053,0.7680382908462473,-0.05552084030213836,-0.5694522625890012,0.0,-0.0,0.0,0x0000,0x0000
117,4.074124826000002,adis16470,0.0,0.0,0.0,0.0,0.0,0.0,0.498,-0.036000000000000004,-0.14100000000000004,0.008691739674931762,-0.0006283185307179587,-0.0024609142453120053,0.7696702120463478,-0.055638810509374546,-0.5743616324549969,0.0,-0.0,0.0,0x0000,0x0000
118,4.108968255000036,adis16470,0.0,0.0,0.0,0.0,0.0,0.0,0.498,-0.036000000000000004,-0.14100000000000004,0.008691739674931762,-0.0006283185307179587,-0.0024609142453120053,0.7712817861098593,-0.05575530983926695,-0.5792745534059965,0.0,-0.0,0.0,0x0000,0x0000
119,4.143922036000049,adis16470,0.0,0.0,0.0,0.0,0.0,0.0,0.498,-0.036000000000000004,-0.14100000000000004,0.008691739674931762,-0.0006283185307179587,-0.0024609142453120053,0.7729151020118077,-0.05587338086832347,-0.584203067829004,0.0,-0.0,0.0,0x0000,0x0000
120,4.178767169000025,adis16470,0.0,0.0,0.0,0.0,0.0,0.0,0.498,-0.036000000000000004,-0.14100000000000004,0.008691739674931762,-0.0006283185307179587,-0.0024609142453120053,0.7744625557237199,-0.055985244992076154,-0.5891162133930007,0.0,-0.0,0.0,0x0000,0x0000
121,4.213584006000019,adis16470,0.0,0.0,0.0,0.0,0.0,0.0,0.498,-0.036000000000000004,-0.14100000000000004,0.008691739674931762,-0.0006283185307179587,-0.0024609142453120053,0.7759652322360723,-0.05609387220983656,-0.5940253638630084,0.0,-0.0,0.0,0x0000,0x0000
122,4.248380731999987,adis16470,0.0,0.0,0.0,0.0,0.0,0.0,0.498,-0.036000000000000004,-0.14100000000000004,0.008691739674931762,-0.0006283185307179587,-0.0024609142453120053,0.7774281036909195,-0.056199621953560465,-0.598931697012011,0.0,-0.0,0.0,0x0000,0x0000
123,4.283181291999995,adis16470,0.0,0.0,0.0,0.0,0.0,0.0,0.498,-0.036000000000000004,-0.14100000000000004,0.008691739674931762,-0.0006283185307179587,-0.0024609142453120053,0.7788636249769605,-0.056303394576647764,-0.603838581189005,0.0,-0.0,0.0,0x0000,0x0000
124,4.317981352000061,adis16470,0.0,0.0,0.0,0.0,0.0,0.0,0.498,-0.036000000000000004,-0.14100000000000004,0.008691739674931762,-0.0006283185307179587,-0.0024609142453120053,0.7802701557023425,-0.056405071496554895,-0.6087453844320053,0.0,-0.0,0.0,0x0000,0x0000
125,4.352782133999995,adis16470,0.0,0.0,0.0,0.0,0.0,0.0,0.498,-0.036000000000000004,-0.14100000000000004,0.008691739674931762,-0.0006283185307179587,-0.0024609142453120053,0.7816489081780879,-0.05650474035022324,-0.6136522894770031,0.0,-0.0,0.0,0x0000,0x0000
126,4.387565046000077,adis16470,0.0,0.0,0.0,0.0,0.0,0.0,0.498,-0.036000000000000004,-0.14100000000000004,0.008691739674931762,-0.0006283185307179587,-0.0024609142453120053,0.7829914726743792,-0.05660179320537683,-0.6185567061539954,0.0,-0.0,0.0,0x0000,0x0000
127,4.422362736000082,adis16470,0.0,0.0,0.0,0.0,0.0,0.0,0.498,-0.036000000000000004,-0.14100000000000004,0.008691739674931762,-0.0006283185307179587,-0.0024609142453120053,0.78431426246081,-0.05669741656343207,-0.6234631673310065,0.0,-0.0,0.0,0x0000,0x0000
128,4.457216147000054,adis16470,0.0,0.0,0.0,0.0,0.0,0.0,0.498,-0.036000000000000004,-0.14100000000000004,0.008691739674931762,-0.0006283185307179587,-0.0024609142453120053,0.7856378813037594,-0.05679309985328383,-0.6283775113950081,0.0,-0.0,0.0,0x0000,0x0000
129,4.492041744000062,adis16470,0.0,0.0,0.0,0.0,0.0,0.0,0.498,-0.036000000000000004,-0.14100000000000004,0.008691739674931762,-0.0006283185307179587,-0.0024609142453120053,0.7869214080375683,-0.05688588491837844,-0.6332879205720092,0.0,-0.0,0.0,0x0000,0x0000
130,4.526842767000062,adis16470,0.0,0.0,0.0,0.0,0.0,0.0,0.498,-0.036000000000000004,-0.14100000000000004,0.008691739674931762,-0.0006283185307179587,-0.0024609142453120053,0.7881672262420324,-0.0569759440656891,-0.6381948518430022,0.0,-0.0,0.0,0x0000,0x0000
131,4.5616742160000285,adis16470,0.0,0.0,0.0,0.0,0.0,0.0,0.498,-0.036000000000000004,-0.14100000000000004,0.008691739674931762,-0.0006283185307179587,-0.0024609142453120053,0.7894030669868399,-0.05706528195085591,-0.6431060991240045,0.0,-0.0,0.0,0x0000,0x0000
132,4.596481943000072,adis16470,0.0,0.0,0.0,0.0,0.0,0.0,0.498,-0.036000000000000004,-0.14100000000000004,0.008691739674931762,-0.0006283185307179587,-0.0024609142453120053,0.7906024965022712,-0.05715198769895938,-0.6480139677630069,0.0,-0.0,0.0,0x0000,0x0000
133,4.631336132000001,adis16470,0.0,0.0,0.0,0.0,0.0,0.0,0.498,-0.036000000000000004,-0.14100000000000004,0.008691739674931762,-0.0006283185307179587,-0.0024609142453120053,0.7918006942445243,-0.05723860440321864,-0.6529284110910007,0.0,-0.0,0.0,0x0000,0x0000
134,4.666141396000057,adis16470,0.0,0.0,0.0,0.0,0.0,0.0,0.498,-0.036000000000000004,-0.14100000000000004,0.008691739674931762,-0.0006283185307179587,-0.0024609142453120053,0.7929510228566753,-0.05732176068843437,-0.6578359479570012,0.0,-0.0,0.0,0x0000,0x0000
135,4.700946289000058,adis16470,0.0,0.0,0.0,0.0,0.0,0.0,0.498,-0.036000000000000004,-0.14100000000000004,0.008691739674931762,-0.0006283185307179587,-0.0024609142453120053,0.7940781828672968,-0.05740324213498533,-0.6627434380109998,0.0,-0.0,0.0,0x0000,0x0000
136,4.735744905000047,adis16470,0.0,0.0,0.0,0.0,0.0,0.0,0.498,-0.036000000000000004,-0.14100000000000004,0.008691739674931762,-0.0006283185307179587,-0.0024609142453120053,0.7951797172170952,-0.05748287112412738,-0.6676500375090069,0.0,-0.0,0.0,0x0000,0x0000
137,4.770550372000002,adis16470,0.0,0.0,0.0,0.0,0.0,0.0,0.498,-0.036000000000000004,-0.14100000000000004,0.008691739674931762,-0.0006283185307179587,-0.0024609142453120053,0.7962626015329575,-0.05756115191804513,-0.672557613714008,0.0,-0.0,0.0,0x0000,0x0000
138,4.805367451000052,adis16470,0.0,0.0,0.0,0.0,0.0,0.0,0.498,-0.036000000000000004,-0.14100000000000004,0.008691739674931762,-0.0006283185307179587,-0.0024609142453120053,0.797329539694587,-0.057638279977921966,-0.677466840041999,0.0,-0.0,0.0,0x0000,0x0000
139,4.840165826000089,adis16470,0.0,0.0,0.0,0.0,0.0,0.0,0.498,-0.036000000000000004,-0.14100000000000004,0.008691739674931762,-0.0006283185307179587,-0.0024609142453120053,0.7983658756057802,-0.057713195826923885,-0.6823733900490004,0.0,-0.0,0.0,0x0000,0x0000
140,4.874963145000038,adis16470,0.0,0.0,0.0,0.0,0.0,0.0,0.498,-0.036000000000000004,-0.14100000000000004,0.008691739674931762,-0.0006283185307179587,-0.0024609142453120053,0.7993810416584552,-0.05778658132470763,-0.6872798120280094,0.0,-0.0,0.0,0x0000,0x0000
141,4.909749446000092,adis16470,0.0,0.0,0.0,0.0,0.0,0.0,0.498,-0.036000000000000004,-0.14100000000000004,0.008691739674931762,-0.0006283185307179587,-0.0024609142453120053,0.8003705359500349,-0.05785811103253267,-0.6921846830070061,0.0,-0.0,0.0,0x0000,0x0000
142,4.944513654000048,adis16470,0.0,0.0,0.0,0.0,0.0,0.0,0.498,-0.036000000000000004,-0.14100000000000004,0.008691739674931762,-0.0006283185307179587,-0.0024609142453120053,0.8013294317339121,-0.05792742880004186,-0.6970864312590055,0.0,-0.0,0.0,0x0000,0x0000
143,4.979309400000034,adis16470,0.0,0.0,0.0,0.0,0.0,0.0,0.498,-0.036000000000000004,-0.14100000000000004,0.008691739674931762,-0.0006283185307179587,-0.0024609142453120053,0.8022845677618052,-0.05799647477796185,-0.7019926339830087,0.0,-0.0,0.0,0x0000,0x0000
144,5.014103738000017,adis16470,0.0,0.0,0.0,0.0,0.0,0.0,0.498,-0.036000000000000004,-0.14100000000000004,0.008691739674931762,-0.0006283185307179587,-0.0024609142453120053,0.8032199046360462,-0.058064089491762394,-0.7068986355000079,0.0,-0.0,0.0,0x0000,0x0000
145,5.0488979269999845,adis16470,0.0,0.0,0.0,0.0,0.0,0.0,0.498,-0.036000000000000004,-0.14100000000000004,0.008691739674931762,-0.0006283185307179587,-0.0024609142453120053,0.8041364810884152,-0.05813034803048786,-0.7118046215070107,0.0,-0.0,0.0,0x0000,0x0000
146,5.083694598000079,adis16470,0.0,0.0,0.0,0.0,0.0,0.0,0.498,-0.036000000000000004,-0.14100000000000004,0.008691739674931762,-0.0006283185307179587,-0.0024609142453120053,0.8050359822266724,-0.058195372209157055,-0.7167109704480066,0.0,-0.0,0.0,0x0000,0x0000
147,5.118523251000056,adis16470,0.0,0.0,0.0,0.0,0.0,0.0,0.498,-0.036000000000000004,-0.14100000000000004,0.008691739674931762,-0.0006283185307179587,-0.0024609142453120053,0.8059330564497031,-0.05826022094817133,-0.7216218157379962,0.0,-0.0,0.0,0x0000,0x0000
148,5.153398959000015,adis16470,0.0,0.0,0.0,0.0,0.0,0.0,0.498,-0.036000000000000004,-0.14100000000000004,0.008691739674931762,-0.0006283185307179587,-0.0024609142453120053,0.8068351807527134,-0.05832543475320821,-0.7265393035379974,0.0,-0.0,0.0,0x0000,0x0000
149,5.188283296000009,adis16470,0.0,0.0,0.0,0.0,0.0,0.0,0.498,-0.036000000000000004,-0.14100000000000004,0.008691739674931762,-0.0006283185307179587,-0.0024609142453120053,0.8077234382399091,-0.05838964613782477,-0.7314579977340003,0.0,-0.0,0.0,0x0000,0x0000
150,5.223122671000056,adis16470,0.0,0.0,0.0,0.0,0.0,0.0,0.498,-0.036000000000000004,-0.14100000000000004,0.008691739674931762,-0.0006283185307179587,-0.0024609142453120053,0.8085719146049389,-0.058450981778670294,-0.7363703312790084,0.0,-0.0,0.0,0x0000,0x0000
151,5.257989304000034,adis16470,0.0,0.0,0.0,0.0,0.0,0.0,0.498,-0.036000000000000004,-0.14100000000000004,0.008691739674931762,-0.0006283185307179587,-0.0024609142453120053,0.809416950887506,-0.05851206873885585,-0.7412865736260043,0.0,-0.0,0.0,0x0000,0x0000
152,5.29282106800008,adis16470,0.0,0.0,0.0,0.0,0.0,0.0,0.498,-0.036000000000000004,-0.14100000000000004,0.008691739674931762,-0.0006283185307179587,-0.0024609142453120053,0.810227779081893,-0.05857068282519709,-0.7461978156899977,0.0,-0.0,0.0,0x0000,0x0000
153,5.32762999900001,adis16470,0.0,0.0,0.0,0.0,0.0,0.0,0.498,-0.036000000000000004,-0.14100000000000004,0.008691739674931762,-0.0006283185307179587,-0.0024609142453120053,0.8110113019555834,-0.05862732303293374,-0.751105854093,0.0,-0.0,0.0,0x0000,0x0000
154,5.362457689000053,adis16470,0.0,0.0,0.0,0.0,0.0,0.0,0.498,-0.036000000000000004,-0.14100000000000004,0.008691739674931762,-0.0006283185307179587,-0.0024609142453120053,0.8117884271317765,-0.05868350075651397,-0.7560165714959957,0.0,-0.0,0.0,0x0000,0x0000
155,5.397290620000035,adis16470,0.0,0.0,0.0,0.0,0.0,0.0,0.498,-0.036000000000000004,-0.14100000000000004,0.008691739674931762,-0.0006283185307179587,-0.0024609142453120053,0.812552494904144,-0.05873873457138391,-0.7609280068709966,0.0,-0.0,0.0,0x0000,0x0000
156,5.432108903000085,adis16470,0.0,0.0,0.0,0.0,0.0,0.0,0.498,-0.036000000000000004,-0.14100000000000004,0.008691739674931762,-0.0006283185307179587,-0.0024609142453120053,0.8132941598414054,-0.05879234890419798,-0.7658373847740036,0.0,-0.0,0.0,0x0000,0x0000
157,5.4669420559999935,adis16470,0.0,0.0,0.0,0.0,0.0,0.0,0.498,-0.036000000000000004,-0.14100000000000004,0.008691739674931762,-0.0006283185307179587,-0.0024609142453120053,0.814028320864641,-0.05884542078539574,-0.7707488802150105,0.0,-0.0,0.0,0x0000,0x0000
158,5.5017551540000795,adis16470,0.0,0.0,0.0,0.0,0.0,0.0,0.498,-0.036000000000000004,-0.14100000000000004,0.008691739674931762,-0.0006283185307179587,-0.0024609142453120053,0.8147379207377438,-0.05889671716176461,-0.7756575218159977,0.0,-0.0,0.0,0x0000,0x0000
159,5.536523437000028,adis16470,0.0,0.0,0.0,0.0,0.0,0.0,0.498,-0.036000000000000004,-0.14100000000000004,0.008691739674931762,-0.0006283185307179587,-0.0024609142453120053,0.8154114297705999,-0.058945404561730114,-0.7805598366060008,0.0,-0.0,0.0,0x0000,0x0000
160,5.571336516000088,adis16470,0.0,0.0,0.0,0.0,0.0,0.0,0.498,-0.036000000000000004,-0.14100000000000004,0.008691739674931762,-0.0006283185307179587,-0.0024609142453120053,0.8160933762503769,-0.058994701897617616,-0.7854684807450092,0.0,-0.0,0.0,0x0000,0x0000
161,5.6061342990000185,adis16470,0.0,0.0,0.0,0.0,0.0,0.0,0.498,-0.036000000000000004,-0.14100000000000004,0.008691739674931762,-0.0006283185307179587,-0.0024609142453120053,0.8167541826256892,-0.05904247103318236,-0.7903749577139976,0.0,-0.0,0.0,0x0000,0x0000
162,5.64092671100002,adis16470,0.0,0.0,0.0,0.0,0.0,0.0,0.498,-0.036000000000000004,-0.14100000000000004,0.008691739674931762,-0.0006283185307179587,-0.0024609142453120053,0.8173991428260071,-0.059089094662121006,-0.7952806748340068,0.0,-0.0,0.0,0x0000,0x0000
163,5.675669883000069,adis16470,0.0,0.0,0.0,0.0,0.0,0.0,0.498,-0.036000000000000004,-0.14100000000000004,0.008691739674931762,-0.0006283185307179587,-0.0024609142453120053,0.8180072176323352,-0.05913305187703629,-0.8001794620859976,0.0,-0.0,0.0,0x0000,0x0000
164,5.710443907000013,adis16470,0.0,0.0,0.0,0.0,0.0,0.0,0.498,-0.036000000000000004,-0.14100000000000004,0.008691739674931762,-0.0006283185307179587,-0.0024609142453120053,0.8186182060101321,-0.05917721971157582,-0.8050826046869985,0.0,-0.0,0.0,0x0000,0x0000
165,5.745233968000093,adis16470,0.0,0.0,0.0,0.0,0.0,0.0,0.498,-0.036000000000000004,-0.14100000000000004,0.008691739674931762,-0.0006283185307179587,-0.0024609142453120053,0.8192247744756708,-0.05922106803438584,-0.8099880007500047,0.0,-0.0,0.0,0x0000,0x0000
166,5.780023120999999,adis16470,0.0,0.0,0.0,0.0,0.0,0.0,0.498,-0.036000000000000004,-0.14100000000000004,0.008691739674931762,-0.0006283185307179587,-0.0024609142453120053,0.8198187772162869,-0.05926400799153882,-0.8148932713230075,0.0,-0.0,0.0,0x0000,0x0000
167,5.814811867000003,adis16470,0.0,0.0,0.0,0.0,0.0,0.0,0.498,-0.036000000000000004,-0.14100000000000004,0.008691739674931762,-0.0006283185307179587,-0.0024609142453120053,0.820400701269803,-0.05930607479058817,-0.819798484509008,0.0,-0.0,0.0,0x0000,0x0000
168,5.849604984000052,adis16470,0.0,0.0,0.0,0.0,0.0,0.0,0.498,-0.036000000000000004,-0.14100000000000004,0.008691739674931762,-0.0006283185307179587,-0.0024609142453120053,0.8209731015195652,-0.05934745312189628,-0.8247043086480076,0.0,-0.0,0.0,0x0000,0x0000
169,5.884377693000033,adis16470,0.0,0.0,0.0,0.0,0.0,0.0,0.498,-0.036000000000000004,-0.14100000000000004,0.008691739674931762,-0.0006283185307179587,-0.0024609142453120053,0.8215241938921748,-0.05938729112473553,-0.8296072841639963,0.0,-0.0,0.0,0x0000,0x0000
170,5.9191715130000375,adis16470,0.0,0.0,0.0,0.0,0.0,0.0,0.498,-0.036000000000000004,-0.14100000000000004,0.008691739674931762,-0.0006283185307179587,-0.0024609142453120053,0.8220744405394496,-0.059427067990803585,-0.8345131996710073,0.0,-0.0,0.0,0x0000,0x0000
171,5.953963111000007,adis16470,0.0,0.0,0.0,0.0,0.0,0.0,0.498,-0.036000000000000004,-0.14100000000000004,0.008691739674931762,-0.0006283185307179587,-0.0024609142453120053,0.8226126158863375,-0.059465972232747286,-0.8394188070930064,0.0,-0.0,0.0,0x0000,0x0000
172,5.988792523000029,adis16470,0.0,0.0,0.0,0.0,0.0,0.0,0.498,-0.036000000000000004,-0.14100000000000004,0.008691739674931762,-0.0006283185307179587,-0.0024609142453120053,0.8231586459642639,-0.0595054442865733,-0.8443297935240103,0.0,-0.0,0.0,0x0000,0x0000
173,6.023606398000084,adis16470,0.0,0.0,0.0,0.0,0.0,0.0,0.498,-0.036000000000000004,-0.14100000000000004,0.008691739674931762,-0.0006283185307179587,-0.0024609142453120053,0.8236859643700167,-0.0595435636893988,-0.8492385290309982,0.0,-0.0,0.0,0x0000,0x0000
174,6.05845768100005,adis16470,0.0,0.0,0.0,0.0,0.0,0.0,0.498,-0.036000000000000004,-0.14100000000000004,0.008691739674931762,-0.0006283185307179587,-0.0024609142453120053,0.8242211013528864,-0.05958224829057011,-0.8541525703679953,0.0,-0.0,0.0,0x0000,0x0000
175,6.093332371000088,adis16470,0.0,0.0,0.0,0.0,0.0,0.0,0.498,-0.036000000000000004,-0.14100000000000004,0.008691739674931762,-0.0006283185307179587,-0.0024609142453120053,0.8247569318181852,-0.05962098302300134,-0.8590699041960058,0.0,-0.0,0.0,0x0000,0x0000
176,6.1282068200000595,adis16470,0.0,0.0,0.0,0.0,0.0,0.0,0.498,-0.036000000000000004,-0.14100000000000004,0.008691739674931762,-0.0006283185307179587,-0.0024609142453120053,0.8252820007744734,-0.05965893981502218,-0.8639872250520093,0.0,-0.0,0.0,0x0000,0x0000
177,6.163038343000039,adis16470,0.0,0.0,0.0,0.0,0.0,0.0,0.498,-0.036000000000000004,-0.14100000000000004,0.008691739674931762,-0.0006283185307179587,-0.0024609142453120053,0.8257754196262218,-0.0596946086476787,-0.8688984358139972,0.0,-0.0,0.0,0x0000,0x0000
178,6.197892404000072,adis16470,0.0,0.0,0.0,0.0,0.0,0.0,0.498,-0.036000000000000004,-0.14100000000000004,0.008691739674931762,-0.0006283185307179587,-0.0024609142453120053,0.8262701320638578,-0.05973037099256805,-0.8738128713870089,0.0,-0.0,0.0,0x0000,0x0000
179,6.232696279000038,adis16470,0.0,0.0,0.0,0.0,0.0,0.0,0.498,-0.036000000000000004,-0.14100000000000004,0.008691739674931762,-0.0006283185307179587,-0.0024609142453120053,0.8267303857353705,-0.05976364234231595,-0.878720210007006,0.0,-0.0,0.0,0x0000,0x0000
180,6.26749620999999,adis16470,0.0,0.0,0.0,0.0,0.0,0.0,0.498,-0.036000000000000004,-0.14100000000000004,0.008691739674931762,-0.0006283185307179587,-0.0024609142453120053,0.8271794460584914,-0.05979610453434878,-0.8836269741930026,0.0,-0.0,0.0,0x0000,0x0000
181,6.302302734000023,adis16470,0.0,0.0,0.0,0.0,0.0,0.0,0.498,-0.036000000000000004,-0.14100000000000004,0.008691739674931762,-0.0006283185307179587,-0.0024609142453120053,0.8276228238375245,-0.059828155940062015,-0.8885346913980035,0.0,-0.0,0.0,0x0000,0x0000
182,6.337102055000059,adis16470,0.0,0.0,0.0,0.0,0.0,0.0,0.498,-0.036000000000000004,-0.14100000000000004,0.008691739674931762,-0.0006283185307179587,-0.0024609142453120053,0.8280538191968939,-0.05985931223110077,-0.8934413931210035,0.0,-0.0,0.0,0x0000,0x0000
183,6.371942542000056,adis16470,0.0,0.0,0.0,0.0,0.0,0.0,0.498,-0.036000000000000004,-0.14100000000000004,0.008691739674931762,-0.0006283185307179587,-0.0024609142453120053,0.8284963389881389,-0.059891301613600414,-0.8983539147600101,0.0,-0.0,0.0,0x0000,0x0000
184,6.4067440659999875,adis16470,0.0,0.0,0.0,0.0,0.0,0.0,0.498,-0.036000000000000004,-0.14100000000000004,0.008691739674931762,-0.0006283185307179587,-0.0024609142453120053,0.8289109391966201,-0.059921272713008684,-0.9032609271060112,0.0,-0.0,0.0,0x0000,0x0000
185,6.441544386000032,adis16470,0.0,0.0,0.0,0.0,0.0,0.0,0.498,-0.036000000000000004,-0.14100000000000004,0.008691739674931762,-0.0006283185307179587,-0.0024609142453120053,0.8293166417432605,-0.05995060060794655,-0.9081677644710034,0.0,-0.0,0.0,0x0000,0x0000
186,6.476347799999985,adis16470,0.0,0.0,0.0,0.0,0.0,0.0,0.498,-0.036000000000000004,-0.14100000000000004,0.008691739674931762,-0.0006283185307179587,-0.0024609142453120053,0.8297157758616702,-0.05997945367674725,-0.913075048383002,0.0,-0.0,0.0,0x0000,0x0000
187,6.51114799100003,adis16470,0.0,0.0,0.0,0.0,0.0,0.0,0.498,-0.036000000000000004,-0.14100000000000004,0.008691739674931762,-0.0006283185307179587,-0.0024609142453120053,0.8301053362873257,-0.06000761467137295,-0.9179818726350046,0.0,-0.0,0.0,0x0000,0x0000
188,6.545945515000085,adis16470,0.0,0.0,0.0,0.0,0.0,0.0,0.498,-0.036000000000000004,-0.14100000000000004,0.008691739674931762,-0.0006283185307179587,-0.0024609142453120053,0.8304858131745106,-0.06003511902466342,-0.9228883235189964,0.0,-0.0,0.0,0x0000,0x0000
189,6.580798002000051,adis16470,0.0,0.0,0.0,0.0,0.0,0.0,0.498,-0.036000000000000004,-0.14100000000000004,0.008691739674931762,-0.0006283185307179587,-0.0024609142453120053,0.8308856222841563,-0.0600640208880113,-0.927802558167001,0.0,-0.0,0.0,0x0000,0x0000
190,6.615605267000092,adis16470,0.0,0.0,0.0,0.0,0.0,0.0,0.498,-0.036000000000000004,-0.14100000000000004,0.008691739674931762,-0.0006283185307179587,-0.0024609142453120053,0.83125517521916,-0.06009073555801157,-0.9327103616640029,0.0,-0.0,0.0,0x0000,0x0000
191,6.650428309000063,adis16470,0.0,0.0,0.0,0.0,0.0,0.0,0.498,-0.036000000000000004,-0.14100000000000004,0.008691739674931762,-0.0006283185307179587,-0.0024609142453120053,0.8316251999079214,-0.060117484330693104,-0.93762043681201,0.0,-0.0,0.0,0x0000,0x0000
192,6.685266482000088,adis16470,0.0,0.0,0.0,0.0,0.0,0.0,0.498,-0.036000000000000004,-0.14100000000000004,0.008691739674931762,-0.0006283185307179587,-0.0024609142453120053,0.8319950993151496,-0.060144224046878275,-0.9425326138470062,0.0,-0.0,0.0,0x0000,0x0000
193,6.72011033900003,adis16470,0.0,0.0,0.0,0.0,0.0,0.0,0.498,-0.036000000000000004,-0.14100000000000004,0.008691739674931762,-0.0006283185307179587,-0.0024609142453120053,0.832360402571871,-0.06017063151121958,-0.9474456003630016,0.0,-0.0,0.0,0x0000,0x0000
194,6.7549411590000545,adis16470,0.0,0.0,0.0,0.0,0.0,0.0,0.498,-0.036000000000000004,-0.14100000000000004,0.008691739674931762,-0.0006283185307179587,-0.0024609142453120053,0.8327120640282122,-0.06019605282131653,-0.952356756417007,0.0,-0.0,0.0,0x0000,0x0000
195,6.789764350000041,adis16470,0.0,0.0,0.0,0.0,0.0,0.0,0.498,-0.036000000000000004,-0.14100000000000004,0.008691739674931762,-0.0006283185307179587,-0.0024609142453120053,0.8330528513805756,-0.06022068805160786,-0.9572668028009977,0.0,-0.0,0.0,0x0000,0x0000
196,6.824520727000049,adis16470,0.0,0.0,0.0,0.0,0.0,0.0,0.498,-0.036000000000000004,-0.14100000000000004,0.008691739674931762,-0.0006283185307179587,-0.0024609142453120053,0.8333542511963641,-0.06024247599009859,-0.9621674388450093,0.0,-0.0,0.0,0x0000,0x0000
197,6.859352473000058,adis16470,0.0,0.0,0.0,0.0,0.0,0.0,0.498,-0.036000000000000004,-0.14100000000000004,0.008691739674931762,-0.0006283185307179587,-0.0024609142453120053,0.8336865329929315,-0.06026649636093479,-0.967078738578002,0.0,-0.0,0.0,0x0000,0x0000
198,6.894156867999982,adis16470,0.0,0.0,0.0,0.0,0.0,0.0,0.498,-0.036000000000000004,-0.14100000000000004,0.008691739674931762,-0.0006283185307179587,-0.0024609142453120053,0.8339986489815027,-0.06028905896251825,-0.9719861321880106,0.0,-0.0,0.0,0x0000,0x0000
199,6.928959502999987,adis16470,0.0,0.0,0.0,0.0,0.0,0.0,0.498,-0.036000000000000004,-0.14100000000000004,0.008691739674931762,-0.0006283185307179587,-0.0024609142453120053,0.8343037539872753,-0.06031111474606808,-0.9768933037230113,0.0,-0.0,0.0,0x0000,0x0000
200,6.963760731000093,adis16470,0.0,0.0,0.0,0.0,0.0,0.0,0.498,-0.036000000000000004,-0.14100000000000004,0.008691739674931762,-0.0006283185307179587,-0.0024609142453120053,0.834602052163135,-0.0603326784696242,-0.9818002716540013,0.0,-0.0,0.0,0x0000,0x0000
201,6.998644255000045,adis16470,0.0,0.0,0.0,0.0,0.0,0.0,0.498,-0.036000000000000004,-0.14100000000000004,0.008691739674931762,-0.0006283185307179587,-0.0024609142453120053,0.8349346110725132,-0.06035671887271179,-0.9867188615100015,0.0,-0.0,0.0,0x0000,0x0000
202,7.033482964000086,adis16470,0.0,0.0,0.0,0.0,0.0,0.0,0.498,-0.036000000000000004,-0.14100000000000004,0.008691739674931762,-0.0006283185307179587,-0.0024609142453120053,0.835238675109411,-0.06037869940549958,-0.9916311404880096,0.0,-0.0,0.0,0x0000,0x0000
203,7.068237970000041,adis16470,0.0,0.0,0.0,0.0,0.0,0.0,0.498,-0.036000000000000004,-0.14100000000000004,0.008691739674931762,-0.0006283185307179587,-0.0024609142453120053,0.8354956439600175,-0.06039727546698921,-0.9965315701080081,0.0,-0.0,0.0,0x0000,0x0000
204,7.103052902000059,adis16470,0.0,0.0,0.0,0.0,0.0,0.0,0.498,-0.036000000000000004,-0.14100000000000004,0.008691739674931762,-0.0006283185307179587,-0.0024609142453120053,0.8357768739393006,-0.06041760534500967,-1.001440493850009,0.0,-0.0,0.0,0x0000,0x0000
205,7.137932332999981,adis16470,0.0,0.0,0.0,0.0,0.0,0.0,0.498,-0.036000000000000004,-0.14100000000000004,0.008691739674931762,-0.0006283185307179587,-0.0024609142453120053,0.8360840023106159,-0.060439807395948134,-1.0063585249230036,0.0,-0.0,0.0,0x0000,0x0000
206,7.172769819999985,adis16470,0.0,0.0,0.0,0.0,0.0,0.0,0.498,-0.036000000000000004,-0.14100000000000004,0.008691739674931762,-0.0006283185307179587,-0.0024609142453120053,0.8363643098597243,-0.06046007059226923,-1.011270581826004,0.0,-0.0,0.0,0x0000,0x0000
207,7.207600028999991,adis16470,0.0,0.0,0.0,0.0,0.0,0.0,0.498,-0.036000000000000004,-0.14100000000000004,0.008691739674931762,-0.0006283185307179587,-0.0024609142453120053,0.8366355681356656,-0.060479679624264995,-1.0161816439740086,0.0,-0.0,0.0,0x0000,0x0000
208,7.242402498000047,adis16470,0.0,0.0,0.0,0.0,0.0,0.0,0.498,-0.036000000000000004,-0.14100000000000004,0.008691739674931762,-0.0006283185307179587,-0.0024609142453120053,0.8368877722410337,-0.06049791124633979,-1.021088768556009,0.0,-0.0,0.0,0x0000,0x0000
209,7.27722837400006,adis16470,0.0,0.0,0.0,0.0,0.0,0.0,0.498,-0.036000000000000004,-0.14100000000000004,0.008691739674931762,-0.0006283185307179587,-0.0024609142453120053,0.8371465007644544,-0.0605166145130931,-1.0259992354020095,0.0,-0.0,0.0,0x0000,0x0000
210,7.312064491000001,adis16470,0.0,0.0,0.0,0.0,0.0,0.0,0.498,-0.036000000000000004,-0.14100000000000004,0.008691739674931762,-0.0006283185307179587,-0.0024609142453120053,0.8374049892898163,-0.06053530043058914,-1.030911127899001,0.0,-0.0,0.0,0x0000,0x0000
211,7.346904570999982,adis16470,0.0,0.0,0.0,0.0,0.0,0.0,0.498,-0.036000000000000004,-0.14100000000000004,0.008691739674931762,-0.0006283185307179587,-0.0024609142453120053,0.8376602875349499,-0.06055375572541808,-1.035823592292004,0.0,-0.0,0.0,0x0000,0x0000
212,7.381805947000089,adis16470,0.0,0.0,0.0,0.0,0.0,0.0,0.498,-0.036000000000000004,-0.14100000000000004,0.008691739674931762,-0.0006283185307179587,-0.0024609142453120053,0.8379403039395484,-0.06057399787514808,-1.0407446731949976,0.0,-0.0,0.0,0x0000,0x0000
213,7.416612898000039,adis16470,0.0,0.0,0.0,0.0,0.0,0.0,0.498,-0.036000000000000004,-0.14100000000000004,0.008691739674931762,-0.0006283185307179587,-0.0024609142453120053,0.8381686729540558,-0.060590506478606455,-1.0456524506070028,0.0,-0.0,0.0,0x0000,0x0000
214,7.451400127000056,adis16470,0.0,0.0,0.0,0.0,0.0,0.0,0.498,-0.036000000000000004,-0.14100000000000004,0.008691739674931762,-0.0006283185307179587,-0.0024609142453120053,0.8383827772334371,-0.06060598389639306,-1.0505574263489978,0.0,-0.0,0.0,0x0000,0x0000
215,7.486165318000076,adis16470,0.0,0.0,0.0,0.0,0.0,0.0,0.498,-0.036000000000000004,-0.14100000000000004,0.008691739674931762,-0.0006283185307179587,-0.0024609142453120053,0.8385819259924527,-0.060620380192225515,-1.055459318420999,0.0,-0.0,0.0,0x0000,0x0000
216,7.520956510000019,adis16470,0.0,0.0,0.0,0.0,0.0,0.0,0.498,-0.036000000000000004,-0.14100000000000004,0.008691739674931762,-0.0006283185307179587,-0.0024609142453120053,0.8387897808163115,-0.06063540584214301,-1.0603648764930071,0.0,-0.0,0.0,0x0000,0x0000
217,7.555744720000007,adis16470,0.0,0.0,0.0,0.0,0.0,0.0,0.498,-0.036000000000000004,-0.14100000000000004,0.008691739674931762,-0.0006283185307179587,-0.0024609142453120053,0.8389920232083794,-0.06065002577409972,-1.0652700141030054,0.0,-0.0,0.0,0x0000,0x0000
218,7.590560819000075,adis16470,0.0,0.0,0.0,0.0,0.0,0.0,0.498,-0.036000000000000004,-0.14100000000000004,0.008691739674931762,-0.0006283185307179587,-0.0024609142453120053,0.8392039039300824,-0.06066534245277704,-1.0701791049300027,0.0,-0.0,0.0,0x0000,0x0000
219,7.625356640000064,adis16470,0.0,0.0,0.0,0.0,0.0,0.0,0.498,-0.036000000000000004,-0.14100000000000004,0.008691739674931762,-0.0006283185307179587,-0.0024609142453120053,0.8394015514901216,-0.06067963022820157,-1.075085307936003,0.0,-0.0,0.0,0x0000,0x0000
220,7.660146461000068,adis16470,0.0,0.0,0.0,0.0,0.0,0.0,0.498,-0.036000000000000004,-0.14100000000000004,0.008691739674931762,-0.0006283185307179587,-0.0024609142453120053,0.8395923266437056,-0.06069342120315945,-1.0799906674800106,0.0,-0.0,0.0,0x0000,0x0000
221,7.694937024000069,adis16470,0.0,0.0,0.0,0.0,0.0,0.0,0.498,-0.036000000000000004,-0.14100000000000004,0.008691739674931762,-0.0006283185307179587,-0.0024609142453120053,0.839779629874351,-0.06070696119573622,-1.0848961262880104,0.0,-0.0,0.0,0x0000,0x0000
222,7.729726382000081,adis16470,0.0,0.0,0.0,0.0,0.0,0.0,0.498,-0.036000000000000004,-0.14100000000000004,0.008691739674931762,-0.0006283185307179587,-0.0024609142453120053,0.8399626990003846,-0.06072019510846154,-1.0898014440960104,0.0,-0.0,0.0,0x0000,0x0000
223,7.764512147999994,adis16470,0.0,0.0,0.0,0.0,0.0,0.0,0.498,-0.036000000000000004,-0.14100000000000004,0.008691739674931762,-0.0006283185307179587,-0.0024609142453120053,0.8401402268137799,-0.06073302844436963,-1.0947062187719998,0.0,-0.0,0.0,0x0000,0x0000
224,7.799300821000088,adis16470,0.0,0.0,0.0,0.0,0.0,0.0,0.498,-0.036000000000000004,-0.14100000000000004,0.008691739674931762,-0.0006283185307179587,-0.0024609142453120053,0.840315668190959,-0.060745710953563306,-1.099611416448004,0.0,-0.0,0.0,0x0000,0x0000
225,7.834122382000032,adis16470,0.0,0.0,0.0,0.0,0.0,0.0,0.498,-0.036000000000000004,-0.14100000000000004,0.008691739674931762,-0.0006283185307179587,-0.0024609142453120053,0.8405037963479978,-0.06075931057937334,-1.1045212932090092,0.0,-0.0,0.0,0x0000,0x0000
226,7.868921630000045,adis16470,0.0,0.0,0.0,0.0,0.0,0.0,0.498,-0.036000000000000004,-0.14100000000000004,0.008691739674931762,-0.0006283185307179587,-0.0024609142453120053,0.8406771180846803,-0.06077183986154316,-1.1094279792809982,0.0,-0.0,0.0,0x0000,0x0000
227,7.903676062000045,adis16470,0.0,0.0,0.0,0.0,0.0,0.0,0.498,-0.036000000000000004,-0.14100000000000004,0.008691739674931762,-0.0006283185307179587,-0.0024609142453120053,0.8408250477016511,-0.06078253356879406,-1.1143283307870053,0.0,-0.0,0.0,0x0000,0x0000
228,7.938443347000089,adis16470,0.0,0.0,0.0,0.0,0.0,0.0,0.498,-0.036000000000000004,-0.14100000000000004,0.008691739674931762,-0.0006283185307179587,-0.0024609142453120053,0.840976380815687,-0.06079347331197738,-1.119230520369002,0.0,-0.0,0.0,0x0000,0x0000
229,7.973250057000087,adis16470,0.0,0.0,0.0,0.0,0.0,0.0,0.498,-0.036000000000000004,-0.14100000000000004,0.008691739674931762,-0.0006283185307179587,-0.0024609142453120053,0.8411440107231956,-0.06080559113661655,-1.124138292704997,0.0,-0.0,0.0,0x0000,0x0000
230,8.008053230000087,adis16470,0.0,0.0,0.0,0.0,0.0,0.0,0.498,-0.036000000000000004,-0.14100000000000004,0.008691739674931762,-0.0006283185307179587,-0.0024609142453120053,0.8413064437294233,-0.06081733328164506,-1.1290455322020003,0.0,-0.0,0.0,0x0000,0x0000
231,8.042846847000078,adis16470,0.0,0.0,0.0,0.0,0.0,0.0,0.498,-0.036000000000000004,-0.14100000000000004,0.008691739674931762,-0.0006283185307179587,-0.0024609142453120053,0.8414609560685788,-0.06082850284833101,-1.1339514219059956,0.0,-0.0,0.0,0x0000,0x0000
232,8.077623354000025,adis16470,0.0,0.0,0.0,0.0,0.0,0.0,0.498,-0.036000000000000004,-0.14100000000000004,0.008691739674931762,-0.0006283185307179587,-0.0024609142453120053,0.8416041083232214,-0.060838851204088294,-1.1388549223650113,0.0,-0.0,0.0,0x0000,0x0000
233,8.112481952000053,adis16470,0.0,0.0,0.0,0.0,0.0,0.0,0.498,-0.036000000000000004,-0.14100000000000004,0.008691739674931762,-0.0006283185307179587,-0.0024609142453120053,0.8417844617123745,-0.0608518887984849,-1.1437699977960047,0.0,-0.0,0.0,0x0000,0x0000
234,8.14734166200003,adis16470,0.0,0.0,0.0,0.0,0.0,0.0,0.498,-0.036000000000000004,-0.14100000000000004,0.008691739674931762,-0.0006283185307179587,-0.0024609142453120053,0.8419617595189381,-0.06086470550739312,-1.1486852325569965,0.0,-0.0,0.0,0x0000,0x0000
235,8.182208650000007,adis16470,0.0,0.0,0.0,0.0,0.0,0.0,0.498,-0.036000000000000004,-0.14100000000000004,0.008691739674931762,-0.0006283185307179587,-0.0024609142453120053,0.8421390179368058,-0.06087751936892572,-1.1536014804029984,0.0,-0.0,0.0,0x0000,0x0000
236,8.217104322000068,adis16470,0.0,0.0,0.0,0.0,0.0,0.0,0.498,-0.036000000000000004,-0.14100000000000004,0.008691739674931762,-0.0006283185307179587,-0.0024609142453120053,0.8423266403263087,-0.060891082433227134,-1.158521746748998,0.0,-0.0,0.0,0x0000,0x0000
237,8.25190519900002,adis16470,0.0,0.0,0.0,0.0,0.0,0.0,0.498,-0.036000000000000004,-0.14100000000000004,0.008691739674931762,-0.0006283185307179587,-0.0024609142453120053,0.8424642460281889,-0.060901029833363055,-1.163428646859,0.0,-0.0,0.0,0x0000,0x0000
238,8.286723427000084,adis16470,0.0,0.0,0.0,0.0,0.0,0.0,0.498,-0.036000000000000004,-0.14100000000000004,0.008691739674931762,-0.0006283185307179587,-0.0024609142453120053,0.8426077125459707,-0.06091140090693764,-1.1683380353370074,0.0,-0.0,0.0,0x0000,0x0000
239,8.321545915000002,adis16470,0.0,0.0,0.0,0.0,0.0,0.0,0.498,-0.036000000000000004,-0.14100000000000004,0.008691739674931762,-0.0006283185307179587,-0.0024609142453120053,0.8427503253385312,-0.060921710265436,-1.173248006144996,0.0,-0.0,0.0,0x0000,0x0000
240,8.356341810999993,adis16470,0.0,0.0,0.0,0.0,0.0,0.0,0.498,-0.036000000000000004,-0.14100000000000004,0.008691739674931762,-0.0006283185307179587,-0.0024609142453120053,0.8428770625279125,-0.06093087198996958,-1.178154214368005,0.0,-0.0,0.0,0x0000,0x0000
241,8.391142096000067,adis16470,0.0,0.0,0.0,0.0,0.0,0.0,0.498,-0.036000000000000004,-0.14100000000000004,0.008691739674931762,-0.0006283185307179587,-0.0024609142453120053,0.8430034796989632,-0.06094001058064795,-1.1830610624489961,0.0,-0.0,0.0,0x0000,0x0000
242,8.425935992000063,adis16470,0.0,0.0,0.0,0.0,0.0,0.0,0.498,-0.036000000000000004,-0.14100000000000004,0.008691739674931762,-0.0006283185307179587,-0.0024609142453120053,0.8431241865058763,-0.06094873637391878,-1.1879669912100113,0.0,-0.0,0.0,0x0000,0x0000
243,8.460727536000036,adis16470,0.0,0.0,0.0,0.0,0.0,0.0,0.498,-0.036000000000000004,-0.14100000000000004,0.008691739674931762,-0.0006283185307179587,-0.0024609142453120053,0.8432413503400291,-0.06095720604867682,-1.192872593837997,0.0,-0.0,0.0,0x0000,0x0000
244,8.49551722800004,adis16470,0.0,0.0,0.0,0.0,0.0,0.0,0.498,-0.036000000000000004,-0.14100000000000004,0.008691739674931762,-0.0006283185307179587,-0.0024609142453120053,0.8433552934016485,-0.060965442896504726,-1.1977779429480027,0.0,-0.0,0.0,0x0000,0x0000
245,8.53030190200002,adis16470,0.0,0.0,0.0,0.0,0.0,0.0,0.498,-0.036000000000000004,-0.14100000000000004,0.008691739674931762,-0.0006283185307179587,-0.0024609142453120053,0.84346448177511,-0.06097333603193568,-1.202682576765007,0.0,-0.0,0.0,0x0000,0x0000
246,8.565113113000052,adis16470,0.0,0.0,0.0,0.0,0.0,0.0,0.498,-0.036000000000000004,-0.14100000000000004,0.008691739674931762,-0.0006283185307179587,-0.0024609142453120053,0.8435845458434522,-0.06098201536217729,-1.2075909836010081,0.0,-0.0,0.0,0x0000,0x0000
247,8.599940285999992,adis16470,0.0,0.0,0.0,0.0,0.0,0.0,0.498,-0.036000000000000004,-0.14100000000000004,0.008691739674931762,-0.0006283185307179587,-0.0024609142453120053,0.8437099084374736,-0.06099107771837161,-1.2125016149939996,0.0,-0.0,0.0,0x0000,0x0000
248,8.634794182000064,adis16470,0.0,0.0,0.0,0.0,0.0,0.0,0.498,-0.036000000000000004,-0.14100000000000004,0.008691739674931762,-0.0006283185307179587,-0.0024609142453120053,0.8438459320749544,-0.06100091075240636,-1.2174160508490082,0.0,-0.0,0.0,0x0000,0x0000
249,8.669632891999981,adis16470,0.0,0.0,0.0,0.0,0.0,0.0,0.498,-0.036000000000000004,-0.14100000000000004,0.008691739674931762,-0.0006283185307179587,-0.0024609142453120053,0.8439716071744265,-0.061009995699356154,-1.2223282828739999,0.0,-0.0,0.0,0x0000,0x0000
250,8.70443832500007,adis16470,0.0,0.0,0.0,0.0,0.0,0.0,0.498,-0.036000000000000004,-0.14100000000000004,0.008691739674931762,-0.0006283185307179587,-0.0024609142453120053,0.8440785555950854,-0.06101772691048812,-1.2272358307379962,0.0,-0.0,0.0,0x0000,0x0000
251,8.739337480000017,adis16470,0.0,0.0,0.0,0.0,0.0,0.0,0.498,-0.036000000000000004,-0.14100000000000004,0.008691739674931762,-0.0006283185307179587,-0.0024609142453120053,0.8442292398313119,-0.061028619746841845,-1.2321566323200102,0.0,-0.0,0.0,0x0000,0x0000
252,8.774179338000067,adis16470,0.0,0.0,0.0,0.0,0.0,0.0,0.498,-0.036000000000000004,-0.14100000000000004,0.008691739674931762,-0.0006283185307179587,-0.0024609142453120053,0.8443488578435538,-0.06103726683206415,-1.2370693292220067,0.0,-0.0,0.0,0x0000,0x0000
253,8.808986160000018,adis16470,0.0,0.0,0.0,0.0,0.0,0.0,0.498,-0.036000000000000004,-0.14100000000000004,0.008691739674931762,-0.0006283185307179587,-0.0024609142453120053,0.8444489659805721,-0.06104450356486065,-1.241977080689998,0.0,-0.0,0.0,0x0000,0x0000
254,8.843797074000008,adis16470,0.0,0.0,0.0,0.0,0.0,0.0,0.498,-0.036000000000000004,-0.14100000000000004,0.008691739674931762,-0.0006283185307179587,-0.0024609142453120053,0.844549123187027,-0.061051743844845345,-1.2468854247810055,0.0,-0.0,0.0,0x0000,0x0000
255,8.87859461800008,adis16470,0.0,0.0,0.0,0.0,0.0,0.0,0.498,-0.036000000000000004,-0.14100000000000004,0.008691739674931762,-0.0006283185307179587,-0.0024609142453120053,0.8446407521545366,-0.06105836762562917,-1.2517918837020083,0.0,-0.0,0.0,0x0000,0x0000
256,8.913422940000032,adis16470,0.0,0.0,0.0,0.0,0.0,0.0,0.498,-0.036000000000000004,-0.14100000000000004,0.008691739674931762,-0.0006283185307179587,-0.0024609142453120053,0.8447455333228474,-0.0610659421679167,-1.2567026718870087,0.0,-0.0,0.0,0x0000,0x0000
257,8.948247151000032,adis16470,0.0,0.0,0.0,0.0,0.0,0.0,0.498,-0.036000000000000004,-0.14100000000000004,0.008691739674931762,-0.0006283185307179587,-0.0024609142453120053,0.8448462393775131,-0.06107322212367566,-1.2616128881759978,0.0,-0.0,0.0,0x0000,0x0000
258,8.983095287000083,adis16470,0.0,0.0,0.0,0.0,0.0,0.0,0.498,-0.036000000000000004,-0.14100000000000004,0.008691739674931762,-0.0006283185307179587,-0.0024609142453120053,0.8449565808259165,-0.061081198613921694,-1.266526470134996,0.0,-0.0,0.0,0x0000,0x0000
259,9.017915479000067,adis16470,0.0,0.0,0.0,0.0,0.0,0.0,0.498,-0.036000000000000004,-0.14100000000000004,0.008691739674931762,-0.0006283185307179587,-0.0024609142453120053,0.8450511049858432,-0.06108803168572362,-1.2714361198859976,0.0,-0.0,0.0,0x0000,0x0000
260,9.052742911999985,adis16470,0.0,0.0,0.0,0.0,0.0,0.0,0.498,-0.036000000000000004,-0.14100000000000004,0.008691739674931762,-0.0006283185307179587,-0.0024609142453120053,0.8451472627994272,-0.06109498285297065,-1.2763467877980037,0.0,-0.0,0.0,0x0000,0x0000
261,9.087544751999985,adis16470,0.0,0.0,0.0,0.0,0.0,0.0,0.498,-0.036000000000000004,-0.14100000000000004,0.008691739674931762,-0.0006283185307179587,-0.0024609142453120053,0.8452289445798786,-0.06110088755999124,-1.2812538290490036,0.0,-0.0,0.0,0x0000,0x0000
262,9.122405350999998,adis16470,0.0,0.0,0.0,0.0,0.0,0.0,0.498,-0.036000000000000004,-0.14100000000000004,0.008691739674931762,-0.0006283185307179587,-0.0024609142453120053,0.8453378954296032,-0.06110876352503157,-1.2861692206020043,0.0,-0.0,0.0,0x0000,0x0000
263,9.157250783999984,adis16470,0.0,0.0,0.0,0.0,0.0,0.0,0.498,-0.036000000000000004,-0.14100000000000004,0.008691739674931762,-0.0006283185307179587,-0.0024609142453120053,0.8454369850247079,-0.06111592662829215,-1.2910823926740091,0.0,-0.0,0.0,0x0000,0x0000
264,9.192100234999998,adis16470,0.0,0.0,0.0,0.0,0.0,0.0,0.498,-0.036000000000000004,-0.14100000000000004,0.008691739674931762,-0.0006283185307179587,-0.0024609142453120053,0.8455362343474204,-0.061123101278126785,-1.295996183454011,0.0,-0.0,0.0,0x0000,0x0000
265,9.226931353000055,adis16470,0.0,0.0,0.0,0.0,0.0,0.0,0.498,-0.036000000000000004,-0.14100000000000004,0.008691739674931762,-0.0006283185307179587,-0.0024609142453120053,0.8456244343167422,-0.06112947717952353,-1.3009073554410082,0.0,-0.0,0.0,0x0000,0x0000
266,9.261738823000087,adis16470,0.0,0.0,0.0,0.0,0.0,0.0,0.498,-0.036000000000000004,-0.14100000000000004,0.008691739674931762,-0.0006283185307179587,-0.0024609142453120053,0.8456993471742567,-0.06113489256681373,-1.305815198277011,0.0,-0.0,0.0,0x0000,0x0000
267,9.296514349000063,adis16470,0.0,0.0,0.0,0.0,0.0,0.0,0.498,-0.036000000000000004,-0.14100000000000004,0.008691739674931762,-0.0006283185307179587,-0.0024609142453120053,0.8457571625520603,-0.0611390719917152,-1.310718534330002,0.0,-0.0,0.0,0x0000,0x0000
268,9.331317893000005,adis16470,0.0,0.0,0.0,0.0,0.0,0.0,0.498,-0.036000000000000004,-0.14100000000000004,0.008691739674931762,-0.0006283185307179587,-0.0024609142453120053,0.8458275233453302,-0.06114415831412025,-1.3156258289579994,0.0,-0.0,0.0,0x0000,0x0000
269,9.366114659999994,adis16470,0.0,0.0,0.0,0.0,0.0,0.0,0.498,-0.036000000000000004,-0.14100000000000004,0.008691739674931762,-0.0006283185307179587,-0.0024609142453120053,0.8458931684996078,-0.061148903746959596,-1.3205321677470063,0.0,-0.0,0.0,0x0000,0x0000
270,9.400911797000049,adis16470,0.0,0.0,0.0,0.0,0.0,0.0,0.498,-0.036000000000000004,-0.14100000000000004,0.008691739674931762,-0.0006283185307179587,-0.0024609142453120053,0.8459577091438399,-0.061153569335699265,-1.3254385667430018,0.0,-0.0,0.0,0x0000,0x0000
271,9.435684546000061,adis16470,0.0,0.0,0.0,0.0,0.0,0.0,0.498,-0.036000000000000004,-0.14100000000000004,0.008691739674931762,-0.0006283185307179587,-0.0024609142453120053,0.8460090561676673,-0.061157281168747024,-1.3303415268900087,0.0,-0.0,0.0,0x0000,0x0000
272,9.470443369000009,adis16470,0.0,0.0,0.0,0.0,0.0,0.0,0.498,-0.036000000000000004,-0.14100000000000004,0.008691739674931762,-0.0006283185307179587,-0.0024609142453120053,0.8460525710212082,-0.06116042682081023,-1.3352425209330012,0.0,-0.0,0.0,0x0000,0x0000
273,9.50528861700002,adis16470,0.0,0.0,0.0,0.0,0.0,0.0,0.498,-0.036000000000000004,-0.14100000000000004,0.008691739674931762,-0.0006283185307179587,-0.0024609142453120053,0.846137512052326,-0.061166567136312716,-1.340155734881996,0.0,-0.0,0.0,0x0000,0x0000
274,9.540096235000078,adis16470,0.0,0.0,0.0,0.0,0.0,0.0,0.498,-0.036000000000000004,-0.14100000000000004,0.008691739674931762,-0.0006283185307179587,-0.0024609142453120053,0.8462022175276064,-0.06117124464054985,-1.3450635933690094,0.0,-0.0,0.0,0x0000,0x0000
275,9.574897650000025,adis16470,0.0,0.0,0.0,0.0,0.0,0.0,0.498,-0.036000000000000004,-0.14100000000000004,0.008691739674931762,-0.0006283185307179587,-0.0024609142453120053,0.8462626289114349,-0.06117561172853746,-1.3499705851290038,0.0,-0.0,0.0,0x0000,0x0000
276,9.609696750000012,adis16470,0.0,0.0,0.0,0.0,0.0,0.0,0.498,-0.036000000000000004,-0.14100000000000004,0.008691739674931762,-0.0006283185307179587,-0.0024609142453120053,0.8463207110397442,-0.06117981043660801,-1.354877253012009,0.0,-0.0,0.0,0x0000,0x0000
277,9.644498665000015,adis16470,0.0,0.0,0.0,0.0,0.0,0.0,0.498,-0.036000000000000004,-0.14100000000000004,0.008691739674931762,-0.0006283185307179587,-0.0024609142453120053,0.8463790414730061,-0.06118402709443417,-1.3597843282440023,0.0,-0.0,0.0,0x0000,0x0000
278,9.679332895000016,adis16470,0.0,0.0,0.0,0.0,0.0,0.0,0.498,-0.036000000000000004,-0.14100000000000004,0.008691739674931762,-0.0006283185307179587,-0.0024609142453120053,0.8464520212099067,-0.06118930273806553,-1.3646959728630026,0.0,-0.0,0.0,0x0000,0x0000
279,9.714188828000033,adis16470,0.0,0.0,0.0,0.0,0.0,0.0,0.498,-0.036000000000000004,-0.14100000000000004,0.008691739674931762,-0.0006283185307179587,-0.0024609142453120053,0.8465340883844924,-0.061195235304903055,-1.369610664632998,0.0,-0.0,0.0,0x0000,0x0000
280,9.749012354000001,adis16470,0.0,0.0,0.0,0.0,0.0,0.0,0.498,-0.036000000000000004,-0.14100000000000004,0.008691739674931762,-0.0006283185307179587,-0.0024609142453120053,0.8465986534036335,-0.06119990265568434,-1.3745207740439953,0.0,-0.0,0.0,0x0000,0x0000
281,9.783861268999999,adis16470,0.0,0.0,0.0,0.0,0.0,0.0,0.498,-0.036000000000000004,-0.14100000000000004,0.008691739674931762,-0.0006283185307179587,-0.0024609142453120053,0.8466744531570591,-0.06120538215593197,-1.3794345023610006,0.0,-0.0,0.0,0x0000,0x0000
282,9.818671387999984,adis16470,0.0,0.0,0.0,0.0,0.0,0.0,0.498,-0.036000000000000004,-0.14100000000000004,0.008691739674931762,-0.0006283185307179587,-0.0024609142453120053,0.846729558895543,-0.06120936570329225,-1.3843426899419964,0.0,-0.0,0.0,0x0000,0x0000
283,9.853546321000067,adis16470,0.0,0.0,0.0,0.0,0.0,0.0,0.498,-0.036000000000000004,-0.14100000000000004,0.008691739674931762,-0.0006283185307179587,-0.0024609142453120053,0.8468153841914144,-0.061215569941548025,-1.3892600711460028,0.0,-0.0,0.0,0x0000,0x0000
284,9.88834169900008,adis16470,0.0,0.0,0.0,0.0,0.0,0.0,0.498,-0.036000000000000004,-0.14100000000000004,0.008691739674931762,-0.0006283185307179587,-0.0024609142453120053,0.8468606035139393,-0.06121883880823657,-1.3941662167650009,0.0,-0.0,0.0,0x0000,0x0000
285,9.923147262000043,adis16470,0.0,0.0,0.0,0.0,0.0,0.0,0.498,-0.036000000000000004,-0.14100000000000004,0.008691739674931762,-0.0006283185307179587,-0.0024609142453120053,0.8469098354530027,-0.061222397743590555,-1.3990737829589956,0.0,-0.0,0.0,0x0000,0x0000
286,9.957945343999995,adis16470,0.0,0.0,0.0,0.0,0.0,0.0,0.498,-0.036000000000000004,-0.14100000000000004,0.008691739674931762,-0.0006283185307179587,-0.0024609142453120053,0.8469544580802534,-0.06122562347568097,-1.4039803019460046,0.0,-0.0,0.0,0x0000,0x0000
287,9.992743499000085,adis16470,0.0,0.0,0.0,0.0,0.0,0.0,0.498,-0.036000000000000004,-0.14100000000000004,0.008691739674931762,-0.0006283185307179587,-0.0024609142453120053,0.8469982609728713,-0.061228789949846124,-1.4088868419419998,0.0,-0.0,0.0,0x0000,0x0000
